ticker,trade_day,entry_time,proba,signal,RR,RR_clip,entry_side,mins_to_break,mins_break_to_entry,asia_range,asia_range_atr,sweep_ATR14_M5,entry_ATR14_M5,session_entry,session_sweep,sweep_side,hour_entry,dow
AUDCAD=X,2025-12-08 00:00:00+00:00,2025-12-08 07:50:00+00:00,0.946734680868862,1,0.4689850783080528,0.4689850783080528,1,15.0,5.0,0.002030014991760254,1.9189767861167455,0.001109280756541661,0.0011071392468043736,London,London,-1,7.833333333333333,0
AUDCAD=X,2025-12-11 00:00:00+00:00,2025-12-11 06:25:00+00:00,0.45772901878605243,0,0.1758473506086781,0.1758473506086781,1,20.0,5.0,0.0054399967193603516,5.436109066620151,0.000994997365134103,0.0009907143456595285,Frankfurt,Frankfurt,-1,6.416666666666667,3
AUDCAD=X,2025-12-12 00:00:00+00:00,2025-12-12 10:15:00+00:00,0.6659013875951347,0,0.28787741954905327,0.28787741954905327,1,160.0,5.0,0.002499997615814209,2.4204833530505327,0.0011071392468043736,0.0011128527777535574,London,London,-1,10.25,4
AUDCAD=X,2025-12-19 00:00:00+00:00,2025-12-19 06:05:00+00:00,0.6118214012837623,0,1.0256762952773957,1.0,1,0.0,5.0,0.002290010452270508,2.214090188733612,0.001046436173575265,0.0010500081947871617,Frankfurt,Frankfurt,-1,6.083333333333333,4
AUDCAD=X,2025-12-25 00:00:00+00:00,2025-12-25 06:15:00+00:00,0.593723984090294,0,0.6056077904633983,0.6056077904633983,-1,10.0,5.0,0.002030014991760254,4.413127984895043,0.00048213771411350796,0.0005221409457070487,Frankfurt,Frankfurt,1,6.25,3
AUDCAD=X,2025-12-26 00:00:00+00:00,2025-12-26 07:45:00+00:00,0.6256615903354257,0,0.49527665317139,0.49527665317139,1,10.0,5.0,0.0030699968338012695,3.178962218401446,0.0010842893804822648,0.0010914334229060582,London,London,-1,7.75,4
AUDCAD=X,2025-12-29 00:00:00+00:00,2025-12-29 07:35:00+00:00,0.9707104882826528,1,0.5123440891865043,0.5123440891865043,-1,85.0,10.0,0.002290010452270508,2.1246138897008287,0.0010692817824227469,0.0010785715920584543,London,Frankfurt,1,7.583333333333333,0
AUDCAD=X,2025-12-30 00:00:00+00:00,2025-12-30 06:05:00+00:00,0.8918471084144824,1,0.12807769765477814,0.12807769765477814,-1,0.0,5.0,0.003949999809265137,4.07514450867052,0.0009778610297611781,0.0009957168783460344,Frankfurt,Frankfurt,1,6.083333333333333,1
AUDCHF=X,2025-12-03 00:00:00+00:00,2025-12-03 08:00:00+00:00,0.9280585120102498,1,0.19211988550260986,0.19211988550260986,-1,25.0,5.0,0.0020299553871154785,2.5083146138347177,0.0007971525192260742,0.0007957220077514648,London,London,1,8.0,2
AUDCHF=X,2025-12-08 00:00:00+00:00,2025-12-08 07:15:00+00:00,0.8035499240874076,1,1.8333540295542035,1.0,1,70.0,5.0,0.0013599991798400879,1.7230780848814378,0.0008164346218109131,0.0008171498775482178,Frankfurt,Frankfurt,-1,7.25,0
AUDCHF=X,2025-12-16 00:00:00+00:00,2025-12-16 15:30:00+00:00,0.5260525185439654,0,0.48486646884273,0.48486646884273,1,,5.0,0.0031999945640563965,3.7805844776419697,0.001002856663295201,0.0010199972561427525,Other,Other,-1,15.5,1
AUDCHF=X,2025-12-17 00:00:00+00:00,2025-12-17 06:15:00+00:00,0.9324811137622488,1,0.12629795777519842,0.12629795777519842,-1,10.0,5.0,0.0021399855613708496,2.660734419912022,0.0008185676165989467,0.0008235658918108259,Frankfurt,Frankfurt,1,6.25,2
AUDCHF=X,2025-12-19 00:00:00+00:00,2025-12-19 06:05:00+00:00,0.5728730362365113,0,1.2658819978874303,1.0,1,0.0,5.0,0.0017600059509277344,2.1882897237323395,0.0008100015776497978,0.000812143087387085,Frankfurt,Frankfurt,-1,6.083333333333333,4
AUDCHF=X,2025-12-25 00:00:00+00:00,2025-12-25 08:00:00+00:00,0.6811486937241342,0,1.005130883618041,1.0,1,20.0,10.0,0.0027199983596801758,1.9330005143566005,0.0013028510979243688,0.001791426113673619,London,London,-1,8.0,3
AUDCHF=X,2025-12-29 00:00:00+00:00,2025-12-29 08:05:00+00:00,0.9305392468235082,1,0.1410728860089531,0.1410728860089531,1,30.0,5.0,0.0024399757385253906,2.9626658119746487,0.0008699979100908552,0.0008764266967773438,London,London,-1,8.083333333333334,0
AUDJPY=X,2025-12-05 00:00:00+00:00,2025-12-05 07:35:00+00:00,0.7339396653134606,0,0.19295427775993146,0.19295427775993146,1,0.0,5.0,0.30300140380859375,6.312628435836011,0.05864170619419643,0.05899865286690848,London,London,-1,7.583333333333333,4
AUDJPY=X,2025-12-11 00:00:00+00:00,2025-12-11 15:05:00+00:00,0.00713313390787798,0,0.2047770120671312,0.2047770120671312,1,,5.0,0.957000732421875,20.086977409207893,0.07021386282784599,0.07264273507254464,Other,Other,-1,15.083333333333334,3
AUDJPY=X,2025-12-19 00:00:00+00:00,2025-12-19 06:45:00+00:00,0.23022774436665414,0,0.6675587688989195,0.6675587688989195,-1,40.0,5.0,0.5309982299804688,11.263536320340316,0.06621442522321429,0.07692936488560267,Frankfurt,Frankfurt,1,6.75,4
AUDJPY=X,2025-12-22 00:00:00+00:00,2025-12-22 06:55:00+00:00,0.9489413923206579,1,0.16667844023735517,0.16667844023735517,-1,45.0,10.0,0.2400054931640625,5.258211253984742,0.04250172206333706,0.04771586826869419,Frankfurt,Frankfurt,1,6.916666666666667,0
AUDJPY=X,2025-12-24 00:00:00+00:00,2025-12-24 15:00:00+00:00,0.7856563159347089,0,0.24037168357989974,0.24037168357989974,1,145.0,5.0,0.38100433349609375,6.006924993556147,0.07999965122767858,0.08292824881417411,Other,NY,-1,15.0,2
AUDJPY=X,2025-12-25 00:00:00+00:00,2025-12-25 06:55:00+00:00,0.9701253628796574,1,0.5169172932330827,0.5169172932330827,-1,50.0,5.0,0.29199981689453125,3.173868489483068,0.11664308820452009,0.11157117571149554,Frankfurt,Frankfurt,1,6.916666666666667,3
AUDNZD=X,2025-12-03 00:00:00+00:00,2025-12-03 06:50:00+00:00,0.8502857850752237,1,0.15185370116090377,0.15185370116090377,-1,35.0,15.0,0.002050042152404785,3.2175284322503908,0.0005849940436226981,0.0005828567913600377,Frankfurt,Frankfurt,1,6.833333333333333,2
AUDNZD=X,2025-12-12 00:00:00+00:00,2025-12-12 08:55:00+00:00,0.4897136722787011,0,0.14575289575289574,0.14575289575289574,-1,80.0,5.0,0.002689957618713379,5.027772030620852,0.0006314345768519811,0.0006442921502249581,London,London,1,8.916666666666666,4
AUDNZD=X,2025-12-23 00:00:00+00:00,2025-12-23 11:05:00+00:00,0.2833512913952538,0,0.17735408844008604,0.17735408844008604,1,210.0,5.0,0.003820061683654785,6.47467166979362,0.0006114159311567034,0.0005992821284702846,London,London,-1,11.083333333333334,1
CADCHF=X,2025-12-03 00:00:00+00:00,2025-12-03 06:25:00+00:00,0.8635120752265624,1,0.773344989271239,0.773344989271239,1,20.0,5.0,0.0013300180435180664,1.6492674814560622,0.0008085668087005615,0.0008107168333871024,Frankfurt,Frankfurt,-1,6.416666666666667,2
CADCHF=X,2025-12-04 00:00:00+00:00,2025-12-04 06:25:00+00:00,0.7898423785443905,0,1.3134062805800195,1.0,-1,20.0,5.0,0.001529991626739502,1.7372341814068384,0.0008792877197265625,0.0008842902524130685,Frankfurt,Frankfurt,1,6.416666666666667,3
CADCHF=X,2025-12-08 00:00:00+00:00,2025-12-08 07:35:00+00:00,0.921629260364026,1,0.8169792120947812,0.8169792120947812,1,0.0,5.0,0.0014800429344177246,1.868407333157762,0.0008235701492854527,0.0008257159164973668,London,London,-1,7.583333333333333,0
CADCHF=X,2025-12-09 00:00:00+00:00,2025-12-09 08:30:00+00:00,0.9188091053057456,1,0.3014857343209011,0.3014857343209011,1,55.0,5.0,0.00177001953125,2.1380619082638637,0.0008478505270821708,0.0008642801216670445,London,London,-1,8.5,1
CADCHF=X,2025-12-10 00:00:00+00:00,2025-12-10 07:25:00+00:00,0.7114342477193815,0,1.2726451729431951,1.0,1,80.0,5.0,0.001499950885772705,1.896964834726986,0.0007885737078530448,0.0007928609848022461,Frankfurt,Frankfurt,-1,7.416666666666667,2
CADCHF=X,2025-12-11 00:00:00+00:00,2025-12-11 08:50:00+00:00,0.6706099597281103,0,0.5481867145421903,0.5481867145421903,1,75.0,5.0,0.0024700164794921875,2.920645788130346,0.000981424536023821,0.0009799940245492117,London,London,-1,8.833333333333334,3
CADCHF=X,2025-12-12 00:00:00+00:00,2025-12-12 15:00:00+00:00,2.8570667389804644e-07,0,0.13691194209891436,0.13691194209891436,-1,25.0,425.0,0.0017800331115722656,2.2946839222401514,0.0008328514439719063,0.000879274947302682,Other,London,1,15.0,4
CADCHF=X,2025-12-15 00:00:00+00:00,2025-12-15 08:00:00+00:00,0.9746410913287994,1,0.14387196864538254,0.14387196864538254,-1,20.0,10.0,0.0014899969100952148,1.857502255718911,0.0008428479943956647,0.0008428522518702916,London,London,1,8.0,0
CADCHF=X,2025-12-18 00:00:00+00:00,2025-12-18 06:20:00+00:00,0.9351876629136436,1,0.12584376110211976,0.12584376110211976,-1,15.0,5.0,0.001659989356994629,1.9948325701568135,0.0008464327880314418,0.0008521505764552525,Frankfurt,Frankfurt,1,6.333333333333333,3
CADCHF=X,2025-12-19 00:00:00+00:00,2025-12-19 07:55:00+00:00,0.8904427821850235,1,0.3420997594896999,0.3420997594896999,-1,20.0,5.0,0.0014200210571289062,1.7687086373663667,0.0008399912289210729,0.000844282763344901,London,London,1,7.916666666666667,4
CADCHF=X,2025-12-23 00:00:00+00:00,2025-12-23 11:30:00+00:00,0.7317293156069786,0,0.5180969479353681,0.5180969479353681,1,235.0,5.0,0.0024700164794921875,2.6765085809189886,0.0009678559643881661,0.0009678559643881661,London,London,-1,11.5,1
CADCHF=X,2025-12-25 00:00:00+00:00,2025-12-25 07:20:00+00:00,0.16768660495307833,0,1.5714407356948228,1.0,1,75.0,5.0,0.0014799833297729492,4.785056506118629,0.0004628556115286691,0.00048285722732543945,Frankfurt,Frankfurt,-1,7.333333333333333,3
CADCHF=X,2025-12-29 00:00:00+00:00,2025-12-29 07:30:00+00:00,0.9607571117472189,1,0.32515449592277035,0.32515449592277035,1,85.0,5.0,0.002030014991760254,2.555796763525067,0.0008735699313027519,0.0008657106331416539,London,Frankfurt,-1,7.5,0
CADJPY=X,2025-12-03 00:00:00+00:00,2025-12-03 06:10:00+00:00,0.9063986843378384,1,0.19593793494510026,0.19593793494510026,1,5.0,5.0,0.177001953125,4.2577177688929675,0.041286468505859375,0.04057203020368304,Frankfurt,Frankfurt,-1,6.166666666666667,2
CADJPY=X,2025-12-05 00:00:00+00:00,2025-12-05 06:40:00+00:00,0.6810374751352267,0,0.12287894107914331,0.12287894107914331,1,35.0,5.0,0.4290008544921875,7.7998949735947765,0.05750165666852679,0.05814416067940848,Frankfurt,Frankfurt,-1,6.666666666666667,4
CADJPY=X,2025-12-08 00:00:00+00:00,2025-12-08 06:30:00+00:00,0.923132523755771,1,0.13781204507467515,0.13781204507467515,-1,20.0,10.0,0.29500579833984375,6.639984299679861,0.04528536115373884,0.04464176722935268,Frankfurt,Frankfurt,1,6.5,0
CADJPY=X,2025-12-19 00:00:00+00:00,2025-12-19 06:45:00+00:00,0.34857215202600217,0,0.6209725384031666,0.6209725384031666,-1,40.0,5.0,0.46600341796875,9.94499040530325,0.07293047223772321,0.08492987496512276,Frankfurt,Frankfurt,1,6.75,4
CADJPY=X,2025-12-22 00:00:00+00:00,2025-12-22 08:00:00+00:00,0.864392846363318,1,0.18124597668264072,0.18124597668264072,-1,25.0,5.0,0.375,8.564238509502296,0.059429713657924106,0.05985804966517857,London,London,1,8.0,0
CADJPY=X,2025-12-25 00:00:00+00:00,2025-12-25 06:15:00+00:00,0.5455183105664021,0,0.4438174348787865,0.4438174348787865,1,10.0,5.0,0.23999786376953125,6.788094577514721,0.033355712890625,0.03735624040876116,Frankfurt,Frankfurt,-1,6.25,3
CADJPY=X,2025-12-29 00:00:00+00:00,2025-12-29 07:10:00+00:00,0.9675642308554542,1,0.2520889876690958,0.2520889876690958,1,65.0,5.0,0.43000030517578125,5.833350583295137,0.08371353149414062,0.08321326119559151,Frankfurt,Frankfurt,-1,7.166666666666667,0
CADJPY=X,2025-12-30 00:00:00+00:00,2025-12-30 08:05:00+00:00,0.9545104382479304,1,0.7050592412895967,0.7050592412895967,1,30.0,5.0,0.337005615234375,4.164223426820646,0.08264269147600446,0.08728572300502233,London,London,-1,8.083333333333334,1
CHFJPY=X,2025-12-05 00:00:00+00:00,2025-12-05 06:05:00+00:00,0.9021689376575402,1,0.18098638696719482,0.18098638696719482,1,0.0,5.0,0.63299560546875,7.753087078989174,0.08157239641462054,0.08321598597935267,Frankfurt,Frankfurt,-1,6.083333333333333,4
CHFJPY=X,2025-12-08 00:00:00+00:00,2025-12-08 06:05:00+00:00,0.8595430290085567,1,0.22301024428684002,0.22301024428684002,-1,0.0,5.0,0.4949951171875,9.78750915908797,0.055145263671875,0.05664607456752232,Frankfurt,Frankfurt,1,6.083333333333333,0
CHFJPY=X,2025-12-12 00:00:00+00:00,2025-12-12 06:05:00+00:00,0.2544016057413597,0,0.1407725639791119,0.1407725639791119,-1,0.0,5.0,0.464996337890625,11.644313436502088,0.040004185267857144,0.04171861921037946,Frankfurt,Frankfurt,1,6.083333333333333,4
CHFJPY=X,2025-12-17 00:00:00+00:00,2025-12-17 06:55:00+00:00,0.6776361527193107,0,0.23163189016516006,0.23163189016516006,-1,20.0,35.0,0.5370025634765625,8.971594012891948,0.06978389195033483,0.08707209995814733,Frankfurt,Frankfurt,1,6.916666666666667,2
CHFJPY=X,2025-12-19 00:00:00+00:00,2025-12-19 06:45:00+00:00,0.7366029585679551,0,0.4274498751912392,0.4274498751912392,-1,40.0,5.0,0.7920074462890625,11.200388415357821,0.11464146205357142,0.13214111328125,Frankfurt,Frankfurt,1,6.75,4
CHFJPY=X,2025-12-22 00:00:00+00:00,2025-12-22 09:05:00+00:00,0.8850627323070271,1,0.2606696879788726,0.2606696879788726,-1,80.0,15.0,0.53900146484375,8.983560101000927,0.10307094029017858,0.09178488595145089,London,London,1,9.083333333333334,0
CHFJPY=X,2025-12-25 00:00:00+00:00,2025-12-25 07:20:00+00:00,0.004462578769635457,0,4.478331439701347,1.0,-1,75.0,5.0,0.436004638671875,12.510116646339558,0.05678558349609375,0.08492933000837054,Frankfurt,Frankfurt,1,7.333333333333333,3
CHFJPY=X,2025-12-29 00:00:00+00:00,2025-12-29 07:00:00+00:00,0.9981690318302315,1,0.16696560867191765,0.16696560867191765,1,55.0,5.0,0.6819915771484375,4.559617584691728,0.15464128766741073,0.1589998517717634,Frankfurt,Frankfurt,-1,7.0,0
CHFJPY=X,2025-12-30 00:00:00+00:00,2025-12-30 08:05:00+00:00,0.9025821687424873,1,0.3347079909907052,0.3347079909907052,1,30.0,5.0,0.5570068359375,8.225723897052905,0.08128574916294642,0.09064374651227679,London,London,-1,8.083333333333334,1
EURAUD=X,2025-12-05 00:00:00+00:00,2025-12-05 06:10:00+00:00,0.40519227176316486,0,0.1967168262653899,0.1967168262653899,1,5.0,5.0,0.0035799741744995117,5.220966620305981,0.0007149832589285714,0.0007156985146658761,Frankfurt,Frankfurt,-1,6.166666666666667,4
EURAUD=X,2025-12-08 00:00:00+00:00,2025-12-08 06:05:00+00:00,0.9293641855160358,1,0.3067521538769786,0.3067521538769786,-1,0.0,5.0,0.0026398897171020508,3.5401655723665426,0.0008221268653869629,0.0008492725236075265,Frankfurt,Frankfurt,1,6.083333333333333,0
EURAUD=X,2025-12-12 00:00:00+00:00,2025-12-12 06:35:00+00:00,0.4010522269253911,0,0.3568460625247329,0.3568460625247329,1,30.0,5.0,0.0032399892807006836,4.739617847089011,0.0007892847061157227,0.0008135693413870675,Frankfurt,Frankfurt,-1,6.583333333333333,4
EURAUD=X,2025-12-15 00:00:00+00:00,2025-12-15 08:45:00+00:00,0.75279812664607,0,0.18123230517061542,0.18123230517061542,1,70.0,5.0,0.0037000179290771484,4.8545637358954306,0.0009385858263288226,0.0009478671210152763,London,London,-1,8.75,0
EURAUD=X,2025-12-18 00:00:00+00:00,2025-12-18 08:05:00+00:00,0.297349051936788,0,0.15414933746010254,0.15414933746010254,1,30.0,5.0,0.005560040473937988,6.438379396365573,0.0008849501609802246,0.0009220923696245466,London,London,-1,8.083333333333334,3
EURAUD=X,2025-12-19 00:00:00+00:00,2025-12-19 06:05:00+00:00,0.5066899175606839,0,0.1885219203960654,0.1885219203960654,-1,0.0,5.0,0.004339933395385742,5.367467722572084,0.0008185591016496931,0.0008085625512259347,Frankfurt,Frankfurt,1,6.083333333333333,4
EURAUD=X,2025-12-23 00:00:00+00:00,2025-12-23 06:45:00+00:00,0.845316014525524,1,0.20584626172320097,0.20584626172320097,1,40.0,5.0,0.0029900074005126953,3.5566134243550658,0.0007721355983189174,0.0007628543036324638,Frankfurt,Frankfurt,-1,6.75,1
EURAUD=X,2025-12-25 00:00:00+00:00,2025-12-25 07:35:00+00:00,0.6899960910682341,0,0.6386403098704421,0.6386403098704421,-1,0.0,5.0,0.005010008811950684,3.791412940516925,0.001414290496281215,0.0013235722269330705,London,London,1,7.583333333333333,3
EURCAD=X,2025-12-04 00:00:00+00:00,2025-12-04 07:40:00+00:00,0.6610546490872417,0,0.1754740658114891,0.1754740658114891,-1,5.0,5.0,0.001940011978149414,4.929061289834065,0.00041285582951136997,0.00043786423546927314,London,London,1,7.666666666666667,3
EURCAD=X,2025-12-08 00:00:00+00:00,2025-12-08 08:00:00+00:00,0.23973817331037872,0,0.7884762341433593,0.7884762341433593,-1,0.0,120.0,0.0016199350357055664,2.8707710879734423,0.0006442836352757045,0.0007628628185817174,London,Frankfurt,1,8.0,0
EURCAD=X,2025-12-09 00:00:00+00:00,2025-12-09 06:25:00+00:00,0.735845778951094,0,0.13177470775770456,0.13177470775770456,-1,20.0,5.0,0.0028799772262573242,5.553701909656656,0.0005642856870378767,0.000572136470249721,Frankfurt,Frankfurt,1,6.416666666666667,1
EURCAD=X,2025-12-12 00:00:00+00:00,2025-12-12 08:15:00+00:00,0.481249565946831,0,0.14359946203692384,0.14359946203692384,1,25.0,20.0,0.0020200014114379883,3.8792863800631205,0.000632873603275844,0.0006843038967677525,London,London,-1,8.25,4
EURCAD=X,2025-12-16 00:00:00+00:00,2025-12-16 07:10:00+00:00,0.7970544398227821,0,0.12617681466213582,0.12617681466213582,1,65.0,5.0,0.002319931983947754,4.059933241938368,0.0005692669323512486,0.0005649839128766741,Frankfurt,Frankfurt,-1,7.166666666666667,1
EURCAD=X,2025-12-18 00:00:00+00:00,2025-12-18 07:15:00+00:00,0.48613219379351963,0,0.2812546565340486,0.2812546565340486,1,70.0,5.0,0.0017300844192504883,4.685067330750784,0.000463587897164481,0.000432865960257394,Frankfurt,Frankfurt,-1,7.25,3
EURCAD=X,2025-12-23 00:00:00+00:00,2025-12-23 09:35:00+00:00,0.16484643958094694,0,0.15745998967475477,0.15745998967475477,1,120.0,5.0,0.0028799772262573242,8.1126861912643,0.0004900012697492327,0.0005064351218087333,London,London,-1,9.583333333333334,1
EURCAD=X,2025-12-24 00:00:00+00:00,2025-12-24 07:50:00+00:00,0.46587196016792454,0,0.5729541785669937,0.5729541785669937,1,15.0,5.0,0.0029900074005126953,5.080119209513613,0.0006185684885297503,0.0006514276776994978,London,London,-1,7.833333333333333,2
EURCAD=X,2025-12-25 00:00:00+00:00,2025-12-25 06:20:00+00:00,0.5737447874184963,0,0.535726956645143,0.535726956645143,-1,15.0,5.0,0.002279996871948242,4.659601496563126,0.0005921551159449986,0.0005800127983093262,Frankfurt,Frankfurt,1,6.333333333333333,3
EURCAD=X,2025-12-26 00:00:00+00:00,2025-12-26 06:50:00+00:00,0.25401720114494125,0,0.21213763207802763,0.21213763207802763,1,45.0,5.0,0.0031000375747680664,5.969926538108356,0.0006492904254368373,0.0006435683795383998,Frankfurt,Frankfurt,-1,6.833333333333333,4
EURCAD=X,2025-12-29 00:00:00+00:00,2025-12-29 11:10:00+00:00,0.0006884560949023521,0,0.18787252368647717,0.18787252368647717,-1,5.0,215.0,0.003930091857910156,6.7841373430931595,0.0006607174873352051,0.0007992897714887347,London,London,1,11.166666666666666,0
EURCHF=X,2025-12-04 00:00:00+00:00,2025-12-04 06:45:00+00:00,0.7518490069057294,0,0.4787571337983513,0.4787571337983513,-1,20.0,25.0,0.0012999773025512695,2.410572603756306,0.0005671467099870954,0.0005678619657244001,Frankfurt,Frankfurt,1,6.75,3
EURCHF=X,2025-12-05 00:00:00+00:00,2025-12-05 08:15:00+00:00,0.8188979893899349,1,0.16882765026899407,0.16882765026899407,-1,40.0,5.0,0.0016499757766723633,2.898356928645682,0.0006492946829114642,0.0006507251943860735,London,London,1,8.25,4
EURCHF=X,2025-12-08 00:00:00+00:00,2025-12-08 06:05:00+00:00,0.9674702779487706,1,0.2830071974808817,0.2830071974808817,-1,0.0,5.0,0.001230001449584961,2.3557077625570777,0.0005314222403935023,0.0005385620253426689,Frankfurt,Frankfurt,1,6.083333333333333,0
EURCHF=X,2025-12-09 00:00:00+00:00,2025-12-09 08:35:00+00:00,0.8462175829127259,1,0.3863903187934616,0.3863903187934616,1,60.0,5.0,0.0017400383949279785,3.0000220210962105,0.0006464294024876186,0.0006485751696995326,London,London,-1,8.583333333333334,1
EURCHF=X,2025-12-10 00:00:00+00:00,2025-12-10 09:00:00+00:00,0.7284157982095711,0,0.6277108433734939,0.6277108433734939,1,85.0,5.0,0.001459956169128418,2.8269608085604525,0.0006942919322422572,0.0006914351667676653,London,London,-1,9.0,2
EURCHF=X,2025-12-11 00:00:00+00:00,2025-12-11 08:00:00+00:00,0.7590901864249621,0,0.20556972085168382,0.20556972085168382,-1,25.0,5.0,0.0021700263023376465,4.023825688797663,0.0006364285945892334,0.0006607132298605782,London,London,1,8.0,3
EURCHF=X,2025-12-15 00:00:00+00:00,2025-12-15 06:05:00+00:00,0.8643503894858935,1,1.2798903325783764,1.0,1,0.0,5.0,0.0011299848556518555,2.0953854655982314,0.0005399882793426514,0.0005435603005545479,Frankfurt,Frankfurt,-1,6.083333333333333,0
EURCHF=X,2025-12-16 00:00:00+00:00,2025-12-16 06:45:00+00:00,0.8874457372176185,1,0.14283889645776568,0.14283889645776568,-1,20.0,25.0,0.0015999674797058105,2.8426132538595943,0.0005550001348767962,0.0005685644490378243,Frankfurt,Frankfurt,1,6.75,1
EURCHF=X,2025-12-17 00:00:00+00:00,2025-12-17 07:10:00+00:00,0.926216459136962,1,0.2396551724137931,0.2396551724137931,-1,65.0,5.0,0.0012099742889404297,2.202776335268449,0.0006328650883265904,0.0006378633635384696,Frankfurt,Frankfurt,1,7.166666666666667,2
EURCHF=X,2025-12-18 00:00:00+00:00,2025-12-18 09:30:00+00:00,0.5575648043777373,0,0.7528127511384946,0.7528127511384946,1,115.0,5.0,0.0015500187873840332,2.9325246276651447,0.0006207142557416644,0.0006242862769535609,London,London,-1,9.5,3
EURCHF=X,2025-12-22 00:00:00+00:00,2025-12-22 06:55:00+00:00,0.9563945631676892,1,0.3814673712670517,0.3814673712670517,-1,50.0,5.0,0.0012599825859069824,2.2849091274069266,0.0005792932850973946,0.000583580562046596,Frankfurt,Frankfurt,1,6.916666666666667,0
EURCHF=X,2025-12-23 00:00:00+00:00,2025-12-23 08:40:00+00:00,0.6553479622895969,0,0.2597600309637466,0.2597600309637466,1,65.0,5.0,0.0028100013732910156,4.844900865454492,0.0007228638444628034,0.0007100020136151995,London,London,-1,8.666666666666666,1
EURCHF=X,2025-12-24 00:00:00+00:00,2025-12-24 09:25:00+00:00,0.45121239098173777,0,0.20409205916699105,0.20409205916699105,1,110.0,5.0,0.00288999080657959,5.373132910640925,0.0006057194301060268,0.0006092871938432966,London,London,-1,9.416666666666666,2
EURCHF=X,2025-12-25 00:00:00+00:00,2025-12-25 07:35:00+00:00,0.2633544293505486,0,0.9322846643362911,0.9322846643362911,-1,0.0,5.0,0.002369999885559082,5.862131423757371,0.0006692750113351005,0.0006964206695556641,London,London,1,7.583333333333333,3
EURCHF=X,2025-12-26 00:00:00+00:00,2025-12-26 07:40:00+00:00,0.6823145052978452,0,0.16501758359659058,0.16501758359659058,-1,5.0,5.0,0.0022899508476257324,4.2461652627673265,0.0006057236875806536,0.0006050126893179757,London,London,1,7.666666666666667,4
EURCHF=X,2025-12-29 00:00:00+00:00,2025-12-29 07:35:00+00:00,0.9267517437808758,1,0.3897094271814875,0.3897094271814875,1,85.0,10.0,0.0017899870872497559,3.1208218588320875,0.0006592869758605957,0.0006842868668692452,London,Frankfurt,-1,7.583333333333333,0
EURCHF=X,2025-12-30 00:00:00+00:00,2025-12-30 08:20:00+00:00,0.9535932098430563,1,0.2222173164378118,0.2222173164378118,-1,45.0,5.0,0.0014799833297729492,2.181021934447623,0.0007614280496324812,0.0007657153265816825,London,London,1,8.333333333333334,1
EURGBP=X,2025-12-03 00:00:00+00:00,2025-12-03 06:25:00+00:00,0.7811479132023073,0,0.1904626738575078,0.1904626738575078,1,20.0,5.0,0.0004699826240539551,3.759749327338987,0.0001328544957297189,0.00013428500720432827,Frankfurt,Frankfurt,-1,6.416666666666667,2
EURGBP=X,2025-12-05 00:00:00+00:00,2025-12-05 08:40:00+00:00,0.017607956241219774,0,0.4100256303272337,0.4100256303272337,1,45.0,25.0,0.00102996826171875,8.792614668895835,0.0003121452672140939,0.00030428596905299595,London,London,-1,8.666666666666666,4
EURGBP=X,2025-12-08 00:00:00+00:00,2025-12-08 14:10:00+00:00,1.6589942934956138e-08,0,1.4799141733222076,1.0,-1,0.0,490.0,0.0005400180816650391,4.754479346277832,0.00015929341316223145,0.0002550014427730015,NY,Frankfurt,1,14.166666666666666,0
EURGBP=X,2025-12-09 00:00:00+00:00,2025-12-09 08:10:00+00:00,0.11873631410738002,0,0.29408877357829044,0.29408877357829044,1,35.0,5.0,0.001100003719329834,8.902249939702994,0.0002428591251373291,0.00024643114634922573,London,London,-1,8.166666666666666,1
EURGBP=X,2025-12-10 00:00:00+00:00,2025-12-10 07:30:00+00:00,0.3024534127719779,0,0.20896717373899118,0.20896717373899118,1,65.0,25.0,0.000800013542175293,6.706688557355986,0.00012928247451782227,0.0001471468380519322,London,Frankfurt,-1,7.5,2
EURGBP=X,2025-12-11 00:00:00+00:00,2025-12-11 07:45:00+00:00,0.00794568494043373,0,0.24629687291490593,0.24629687291490593,-1,10.0,5.0,0.0016300082206726074,12.966369763267519,0.00022428802081516812,0.0002478616578238351,London,London,1,7.75,3
EURGBP=X,2025-12-12 00:00:00+00:00,2025-12-12 07:05:00+00:00,0.03976848284619195,0,0.682398316970547,0.682398316970547,-1,60.0,5.0,0.000899970531463623,8.6897147085423,0.00022499050412859236,0.0002485641411372593,Frankfurt,Frankfurt,1,7.083333333333333,4
EURGBP=X,2025-12-29 00:00:00+00:00,2025-12-29 10:10:00+00:00,0.0015502608784956106,0,0.3839276210750399,0.3839276210750399,-1,85.0,165.0,0.0013099908828735352,8.651296181746611,0.00024071761540004184,0.00032785534858703613,London,Frankfurt,1,10.166666666666666,0
EURGBP=X,2025-12-30 00:00:00+00:00,2025-12-30 10:45:00+00:00,0.015595223512253774,0,0.12408092234065694,0.12408092234065694,1,175.0,20.0,0.0014299750328063965,10.763467393045985,0.0002492751393999372,0.0002542734146118164,London,London,-1,10.75,1
EURNOK=X,2025-12-03 00:00:00+00:00,2025-12-03 06:05:00+00:00,0.7641044746056154,0,0.3412489006156552,0.3412489006156552,1,0.0,5.0,0.009180068969726562,3.7999154095587198,0.002521514892578125,0.0025929042271205355,Frankfurt,Frankfurt,-1,6.083333333333333,2
EURNOK=X,2025-12-04 00:00:00+00:00,2025-12-04 06:55:00+00:00,6.513947032964761e-05,0,0.19971318119466266,0.19971318119466266,1,50.0,5.0,0.03307914733886719,19.6497390037632,0.003982135227748326,0.00450209208897182,Frankfurt,Frankfurt,-1,6.916666666666667,3
EURNOK=X,2025-12-05 00:00:00+00:00,2025-12-05 06:25:00+00:00,0.5020385218564004,0,0.15683572216097022,0.15683572216097022,1,15.0,10.0,0.014920234680175781,4.496704921061816,0.002597332000732422,0.0027723312377929688,Frankfurt,Frankfurt,-1,6.416666666666667,4
EURNOK=X,2025-12-08 00:00:00+00:00,2025-12-08 06:05:00+00:00,0.9031957139246847,1,0.23489496188882691,0.23489496188882691,-1,0.0,5.0,0.0102996826171875,4.294112635256028,0.002624988555908203,0.0027178355625697543,Frankfurt,Frankfurt,1,6.083333333333333,0
EURNOK=X,2025-12-09 00:00:00+00:00,2025-12-09 07:05:00+00:00,0.04731016410622016,0,0.9236708194420074,0.9236708194420074,-1,60.0,5.0,0.02064037322998047,9.80271756713038,0.004347801208496094,0.004761355263846261,Frankfurt,Frankfurt,1,7.083333333333333,1
EURNOK=X,2025-12-10 00:00:00+00:00,2025-12-10 07:05:00+00:00,0.038213421260313324,0,0.7888038784940535,0.7888038784940535,-1,60.0,5.0,0.02229022979736328,9.87482270573679,0.003830705370221819,0.00402137211390904,Frankfurt,Frankfurt,1,7.083333333333333,2
EURNOK=X,2025-12-11 00:00:00+00:00,2025-12-11 11:05:00+00:00,0.0007637155058205336,0,0.15521482801034908,0.15521482801034908,-1,210.0,5.0,0.05014991760253906,15.906918456419342,0.004703657967703683,0.005029405866350446,London,London,1,11.083333333333334,3
EURNOK=X,2025-12-12 00:00:00+00:00,2025-12-12 07:35:00+00:00,0.2562095861463624,0,0.2663280549746041,0.2663280549746041,-1,0.0,5.0,0.018660545349121094,6.981624487091265,0.005425930023193359,0.005417346954345703,London,London,1,7.583333333333333,4
EURNOK=X,2025-12-15 00:00:00+00:00,2025-12-15 07:05:00+00:00,0.3179683099952552,0,0.2525178641759973,0.2525178641759973,1,60.0,5.0,0.020400047302246094,7.759197844336201,0.0032149042401994976,0.0036099297659737723,Frankfurt,Frankfurt,-1,7.083333333333333,0
EURNOK=X,2025-12-16 00:00:00+00:00,2025-12-16 08:25:00+00:00,0.2576341925653462,0,0.19321964609005432,0.19321964609005432,-1,50.0,5.0,0.034420013427734375,8.665694832701641,0.006324291229248047,0.006707191467285156,London,London,1,8.416666666666666,1
EURNOK=X,2025-12-18 00:00:00+00:00,2025-12-18 08:25:00+00:00,0.2050613593846867,0,1.0020188425302827,1.0,-1,50.0,5.0,0.019690513610839844,6.081206740580228,0.005437169756208148,0.005652223314557757,London,London,1,8.416666666666666,3
EURNOK=X,2025-12-22 00:00:00+00:00,2025-12-22 06:25:00+00:00,0.9432996781311166,1,0.23480857042500877,0.23480857042500877,1,20.0,5.0,0.013339996337890625,2.644127297030906,0.005178724016462054,0.005198001861572266,Frankfurt,Frankfurt,-1,6.416666666666667,0
EURNOK=X,2025-12-23 00:00:00+00:00,2025-12-23 08:40:00+00:00,0.053354295800421045,0,0.14097354314369703,0.14097354314369703,1,65.0,5.0,0.023230552673339844,10.589882930161785,0.005207947322300502,0.005208628518240792,London,London,-1,8.666666666666666,1
EURNOK=X,2025-12-30 00:00:00+00:00,2025-12-30 07:50:00+00:00,0.49848196394282196,0,0.18842595068727602,0.18842595068727602,1,15.0,5.0,0.020580291748046875,6.476035325387979,0.004752772194998605,0.0046977996826171875,London,London,-1,7.833333333333333,1
EURNZD=X,2025-12-03 00:00:00+00:00,2025-12-03 09:30:00+00:00,0.2493199895358413,0,0.23011844331641285,0.23011844331641285,-1,110.0,10.0,0.005229949951171875,7.1224082749663715,0.000905019896371024,0.0009393010820661272,London,London,1,9.5,2
EURNZD=X,2025-12-09 00:00:00+00:00,2025-12-09 09:30:00+00:00,0.27370209308524174,0,0.20337239631167114,0.20337239631167114,1,110.0,10.0,0.006819963455200195,6.868653951701427,0.0010978494371686662,0.0011200053351266043,London,London,-1,9.5,1
EURNZD=X,2025-12-10 00:00:00+00:00,2025-12-10 10:10:00+00:00,0.016711486743070512,0,0.13706264836412427,0.13706264836412427,1,155.0,5.0,0.0076999664306640625,11.09038730407908,0.0009171451841081892,0.0009321314947945731,London,London,-1,10.166666666666666,2
EURNZD=X,2025-12-12 00:00:00+00:00,2025-12-12 08:10:00+00:00,0.20154977967782348,0,0.30634603458967824,0.30634603458967824,1,35.0,5.0,0.004230022430419922,6.272741047527653,0.001010026250566755,0.0010214533124651229,London,London,-1,8.166666666666666,4
EURNZD=X,2025-12-17 00:00:00+00:00,2025-12-17 07:15:00+00:00,0.12783246771765924,0,0.2870717461424462,0.2870717461424462,1,70.0,5.0,0.006909847259521484,8.081663546189699,0.001026426042829241,0.0010428598948887416,Frankfurt,Frankfurt,-1,7.25,2
EURNZD=X,2025-12-19 00:00:00+00:00,2025-12-19 06:05:00+00:00,0.03687141513809157,0,0.12572353914002204,0.12572353914002204,-1,0.0,5.0,0.0076198577880859375,10.458359628824534,0.0007528747831072126,0.0007557187761579241,Frankfurt,Frankfurt,1,6.083333333333333,4
EURNZD=X,2025-12-23 00:00:00+00:00,2025-12-23 07:10:00+00:00,0.1979175947444953,0,0.1852465238243108,0.1852465238243108,1,60.0,10.0,0.0069501399993896484,7.872417584537335,0.0010128872735159738,0.0010635852813720703,Frankfurt,Frankfurt,-1,7.166666666666667,1
EURNZD=X,2025-12-24 00:00:00+00:00,2025-12-24 07:50:00+00:00,0.31227192608990095,0,0.12250424808836023,0.12250424808836023,1,0.0,20.0,0.004709959030151367,6.30962973102457,0.0009106567927769252,0.0009577955518450056,London,London,-1,7.833333333333333,2
EURNZD=X,2025-12-25 00:00:00+00:00,2025-12-25 06:15:00+00:00,0.07599307753203113,0,0.13452815576944352,0.13452815576944352,1,10.0,5.0,0.004869937896728516,9.065846622071458,0.00047288622174944194,0.0004957233156476702,Frankfurt,Frankfurt,-1,6.25,3
EURNZD=X,2025-12-30 00:00:00+00:00,2025-12-30 06:55:00+00:00,0.413983156664479,0,0.2854020761933145,0.2854020761933145,1,45.0,10.0,0.005980014801025391,6.165142124760785,0.0009985651288713729,0.001042144639151437,Frankfurt,Frankfurt,-1,6.916666666666667,1
EURSEK=X,2025-12-05 00:00:00+00:00,2025-12-05 07:10:00+00:00,0.672384502074475,0,0.3005143277002204,0.3005143277002204,-1,65.0,5.0,0.0076694488525390625,3.727338939283586,0.003170762743268694,0.0031521660940987723,Frankfurt,Frankfurt,1,7.166666666666667,4
EURSEK=X,2025-12-08 00:00:00+00:00,2025-12-08 06:10:00+00:00,0.9297111840766938,1,0.3381813582901227,0.3381813582901227,-1,5.0,5.0,0.010090827941894531,3.515949871831387,0.003040041242327009,0.0028350012642996652,Frankfurt,Frankfurt,1,6.166666666666667,0
EURSEK=X,2025-12-10 00:00:00+00:00,2025-12-10 08:00:00+00:00,0.20244591945342938,0,0.3774234462764994,0.3774234462764994,-1,25.0,5.0,0.020259857177734375,8.177059276366435,0.003946576799665179,0.004081657954624721,London,London,1,8.0,2
EURSEK=X,2025-12-12 00:00:00+00:00,2025-12-12 07:15:00+00:00,0.3289844173662347,0,0.3412187351725073,0.3412187351725073,1,65.0,10.0,0.016469955444335938,4.889185472781687,0.004443509238106864,0.004648549216134208,Frankfurt,Frankfurt,-1,7.25,4
EURSEK=X,2025-12-15 00:00:00+00:00,2025-12-15 07:50:00+00:00,0.18181068833630423,0,0.9146641438032167,0.9146641438032167,1,60.0,50.0,0.012379646301269531,6.071967925158704,0.003239495413643973,0.004375049046107701,London,Frankfurt,-1,7.833333333333333,0
EURSEK=X,2025-12-16 00:00:00+00:00,2025-12-16 06:10:00+00:00,0.5181813278416803,0,0.20881628999776236,0.20881628999776236,-1,5.0,5.0,0.024450302124023438,7.123928231184504,0.0034486225673130582,0.0034279142107282367,Frankfurt,Frankfurt,1,6.166666666666667,1
EURSEK=X,2025-12-19 00:00:00+00:00,2025-12-19 06:15:00+00:00,0.5197813873611979,0,0.19540014958863128,0.19540014958863128,-1,10.0,5.0,0.016590118408203125,5.339237953259964,0.0029357501438685824,0.0030151094709123883,Frankfurt,Frankfurt,1,6.25,4
EURSEK=X,2025-12-22 00:00:00+00:00,2025-12-22 07:05:00+00:00,0.9064952767967954,1,0.7327372081470442,0.7327372081470442,1,60.0,5.0,0.009819984436035156,2.0824256782133883,0.004400593893868583,0.004431383950369698,Frankfurt,Frankfurt,-1,7.083333333333333,0
EURSEK=X,2025-12-24 00:00:00+00:00,2025-12-24 10:10:00+00:00,0.008321651865370582,0,0.655237053815512,0.655237053815512,1,40.0,120.0,0.01663970947265625,5.417551952804453,0.002852099282400949,0.004770006452287946,London,London,-1,10.166666666666666,2
EURSEK=X,2025-12-25 00:00:00+00:00,2025-12-25 06:10:00+00:00,0.37331764317531224,0,0.5698265895953757,0.5698265895953757,-1,5.0,5.0,0.012339591979980469,5.974866415990501,0.00272021974836077,0.002322333199637277,Frankfurt,Frankfurt,1,6.166666666666667,3
EURSEK=X,2025-12-26 00:00:00+00:00,2025-12-26 12:00:00+00:00,0.1281382466527077,0,0.28933548070863385,0.28933548070863385,1,265.0,5.0,0.01736927032470703,5.817389518833703,0.0036560467311314176,0.0037817955017089844,London,London,-1,12.0,4
EURSEK=X,2025-12-30 00:00:00+00:00,2025-12-30 06:40:00+00:00,0.6485972162102273,0,0.373034379671151,0.373034379671151,1,35.0,5.0,0.0191802978515625,5.024590456475963,0.004467214856828962,0.0044514792306082586,Frankfurt,Frankfurt,-1,6.666666666666667,1
EURUSD=X,2025-12-05 00:00:00+00:00,2025-12-05 06:10:00+00:00,0.003207991031946999,0,0.16688615744805385,0.16688615744805385,-1,5.0,5.0,0.0019012689590454102,13.98772160621437,0.00015535524913242886,0.00015536376408168247,Frankfurt,Frankfurt,1,6.166666666666667,4
EURUSD=X,2025-12-08 00:00:00+00:00,2025-12-08 08:15:00+00:00,2.237965674066586e-05,0,1.448228749878013,1.0,-1,0.0,135.0,0.0014933347702026367,15.384035087719298,0.00019431114196777344,0.00035956927708217075,London,Frankfurt,1,8.25,0
EURUSD=X,2025-12-09 00:00:00+00:00,2025-12-09 10:10:00+00:00,1.3534301446445206e-05,0,0.20041043682204632,0.20041043682204632,-1,130.0,30.0,0.0023047924041748047,21.610858283433135,0.00028117213930402486,0.0003007054328918457,London,London,1,10.166666666666666,1
EURUSD=X,2025-12-16 00:00:00+00:00,2025-12-16 06:25:00+00:00,0.20567210344814174,0,0.12481138176331105,0.12481138176331105,1,20.0,5.0,0.0012440681457519531,8.40305975728993,0.00014804090772356306,0.0001579012189592634,Frankfurt,Frankfurt,-1,6.416666666666667,1
EURUSD=X,2025-12-18 00:00:00+00:00,2025-12-18 06:05:00+00:00,0.04563401893371781,0,0.33362143474503025,0.33362143474503025,-1,0.0,5.0,0.0011036396026611328,10.17522373999058,0.00012818404606410434,0.00013803584235055105,Frankfurt,Frankfurt,1,6.083333333333333,3
EURUSD=X,2025-12-19 00:00:00+00:00,2025-12-19 06:45:00+00:00,0.026156099926427465,0,0.5707739938080495,0.5707739938080495,1,40.0,5.0,0.0012373924255371094,9.004275357828861,0.00017664262226649692,0.00020607028688703264,Frankfurt,Frankfurt,-1,6.75,4
EURUSD=X,2025-12-24 00:00:00+00:00,2025-12-24 07:50:00+00:00,0.0006018009123179583,0,0.266066031818441,0.266066031818441,1,15.0,5.0,0.002646803855895996,16.636801541425818,0.00020882913044520786,0.0002187149865286691,London,London,-1,7.833333333333333,2
EURUSD=X,2025-12-25 00:00:00+00:00,2025-12-25 07:35:00+00:00,0.05049856814222499,0,0.7288347391440175,0.7288347391440175,-1,0.0,5.0,0.0023604631423950195,9.154717479607674,0.0004067676407950265,0.00044655799865722656,London,London,1,7.583333333333333,3
EURUSD=X,2025-12-26 00:00:00+00:00,2025-12-26 06:45:00+00:00,0.023296885622355094,0,0.24948173564943885,0.24948173564943885,1,40.0,5.0,0.001667618751525879,9.884223276471182,0.0002381120409284319,0.0002480064119611468,Frankfurt,Frankfurt,-1,6.75,4
EURUSD=X,2025-12-29 00:00:00+00:00,2025-12-29 06:20:00+00:00,0.0017943598992487676,0,0.2769766997708174,0.2769766997708174,1,15.0,5.0,0.0031882524490356445,16.128796037045014,0.00024697610310145786,0.00024696758815220425,Frankfurt,Frankfurt,-1,6.333333333333333,0
EURUSD=X,2025-12-30 00:00:00+00:00,2025-12-30 06:20:00+00:00,0.2641130072201814,0,0.1430500982318271,0.1430500982318271,-1,15.0,5.0,0.0011097192764282227,8.609195402298852,0.00015859944479806081,0.00015859944479806081,Frankfurt,Frankfurt,1,6.333333333333333,1
GBPAUD=X,2025-12-05 00:00:00+00:00,2025-12-05 08:15:00+00:00,0.06982308672868145,0,0.31108083560399635,0.31108083560399635,1,40.0,5.0,0.0038199424743652344,8.042307554408232,0.0009143011910574776,0.0009328637804303851,London,London,-1,8.25,4
GBPAUD=X,2025-12-12 00:00:00+00:00,2025-12-12 10:00:00+00:00,0.000887188108428391,0,0.20802339627439762,0.20802339627439762,1,30.0,120.0,0.004060029983520508,8.547775268007602,0.0009878533227103098,0.0009014436176845006,London,London,-1,10.0,4
GBPAUD=X,2025-12-16 00:00:00+00:00,2025-12-16 07:05:00+00:00,0.03059328037182789,0,0.24179870564606115,0.24179870564606115,1,60.0,5.0,0.00782012939453125,11.115414407436097,0.0009721176964896065,0.000987819262913295,Frankfurt,Frankfurt,-1,7.083333333333333,1
GBPAUD=X,2025-12-17 00:00:00+00:00,2025-12-17 06:15:00+00:00,0.159876788230139,0,0.19891705842847549,0.19891705842847549,1,10.0,5.0,0.006609916687011719,8.254875688551436,0.0009164469582693917,0.0009414468492780413,Frankfurt,Frankfurt,-1,6.25,2
GBPAUD=X,2025-12-19 00:00:00+00:00,2025-12-19 06:05:00+00:00,0.25109765003078405,0,0.24054384947483728,0.24054384947483728,-1,0.0,5.0,0.004549980163574219,6.931354744980024,0.0006671633039202009,0.0006507294518607003,Frankfurt,Frankfurt,1,6.083333333333333,4
GBPAUD=X,2025-12-23 00:00:00+00:00,2025-12-23 08:55:00+00:00,0.2878498170026889,0,0.21446639039879448,0.21446639039879448,1,80.0,5.0,0.004950046539306641,7.1888803699948065,0.0009657144546508789,0.0009585789271763393,London,London,-1,8.916666666666666,1
GBPAUD=X,2025-12-25 00:00:00+00:00,2025-12-25 07:15:00+00:00,0.8552841547672995,1,0.17123354779711944,0.17123354779711944,-1,60.0,15.0,0.0073699951171875,2.458490030108504,0.003120677811758859,0.002633554594857352,Frankfurt,Frankfurt,1,7.25,3
GBPAUD=X,2025-12-29 00:00:00+00:00,2025-12-29 07:40:00+00:00,0.4520368783628161,0,0.48568100849547824,0.48568100849547824,1,5.0,5.0,0.0051000118255615234,6.568564660466749,0.0008743320192609515,0.0009357588631766183,London,London,-1,7.666666666666667,0
GBPCAD=X,2025-12-04 00:00:00+00:00,2025-12-04 07:05:00+00:00,0.5378849972434409,0,0.46756463848893015,0.46756463848893015,-1,60.0,5.0,0.0021300315856933594,4.7408698948166395,0.00046570811952863423,0.0004571420805794852,Frankfurt,Frankfurt,1,7.083333333333333,3
GBPCAD=X,2025-12-12 00:00:00+00:00,2025-12-12 07:05:00+00:00,0.02040995856268035,0,0.6029686769518466,0.6029686769518466,1,60.0,5.0,0.002919912338256836,9.206787306019438,0.00047285216195242744,0.0005321417536054339,Frankfurt,Frankfurt,-1,7.083333333333333,4
GBPCAD=X,2025-12-15 00:00:00+00:00,2025-12-15 07:50:00+00:00,0.7831622686102255,0,0.12760780974393285,0.12760780974393285,1,15.0,5.0,0.0020999908447265625,5.042610615850167,0.0005042808396475655,0.0004907080105372838,London,London,-1,7.833333333333333,0
GBPCAD=X,2025-12-18 00:00:00+00:00,2025-12-18 08:10:00+00:00,0.0058935643661435395,0,0.1473565333779488,0.1473565333779488,1,5.0,125.0,0.0028700828552246094,7.510673381166719,0.0004185523305620466,0.0006821666445050921,London,Frankfurt,-1,8.166666666666666,3
GBPCAD=X,2025-12-24 00:00:00+00:00,2025-12-24 12:30:00+00:00,0.0019546828521397595,0,0.2042314025918236,0.2042314025918236,1,270.0,30.0,0.003970026969909668,10.486302910350412,0.0005000063351222447,0.0005657247134617396,NY,London,-1,12.5,2
GBPCAD=X,2025-12-29 00:00:00+00:00,2025-12-29 08:25:00+00:00,0.23013108967656637,0,0.7472865298952256,0.7472865298952256,-1,35.0,20.0,0.003020048141479492,7.178513601036269,0.000808579581124442,0.0008614318711417061,London,London,1,8.416666666666666,0
GBPCAD=X,2025-12-30 00:00:00+00:00,2025-12-30 06:05:00+00:00,0.24750565086368725,0,0.2376268785899756,0.2376268785899756,-1,0.0,5.0,0.0033800601959228516,8.651106025934402,0.00040142876761300225,0.0004257134028843471,Frankfurt,Frankfurt,1,6.083333333333333,1
GBPCHF=X,2025-12-04 00:00:00+00:00,2025-12-04 06:50:00+00:00,0.641924923750249,0,0.15789473684210525,0.15789473684210525,-1,15.0,35.0,0.0019800662994384766,3.3723442825030814,0.0006050041743687221,0.0006364328520638603,Frankfurt,Frankfurt,1,6.833333333333333,3
GBPCHF=X,2025-12-08 00:00:00+00:00,2025-12-08 06:10:00+00:00,0.9315380020311175,1,0.3410644982443171,0.3410644982443171,1,5.0,5.0,0.0014801025390625,2.666912148270889,0.0005478518349783761,0.0005521433694022042,Frankfurt,Frankfurt,-1,6.166666666666667,0
GBPCHF=X,2025-12-11 00:00:00+00:00,2025-12-11 08:55:00+00:00,0.34607697378228136,0,0.19636741948068837,0.19636741948068837,1,80.0,5.0,0.0031499862670898438,5.675606014114759,0.0008250219481331962,0.0007943000112261091,London,London,-1,8.916666666666666,3
GBPCHF=X,2025-12-16 00:00:00+00:00,2025-12-16 07:05:00+00:00,0.5843323472188561,0,0.5,0.5,-1,60.0,5.0,0.0031800270080566406,5.530505864234096,0.0006721360342843192,0.0006992731775556292,Frankfurt,Frankfurt,1,7.083333333333333,1
GBPCHF=X,2025-12-17 00:00:00+00:00,2025-12-17 07:05:00+00:00,0.554143722322655,0,0.5275014079219073,0.5275014079219073,1,60.0,5.0,0.002660036087036133,4.381307677204005,0.0008357082094464983,0.0008557098252432686,Frankfurt,Frankfurt,-1,7.083333333333333,2
GBPCHF=X,2025-12-18 00:00:00+00:00,2025-12-18 09:20:00+00:00,0.5915728867255416,0,0.1301840762918607,0.1301840762918607,1,105.0,5.0,0.002369999885559082,4.147429593205185,0.0006999969482421875,0.0006999969482421875,London,London,-1,9.333333333333334,3
GBPCHF=X,2025-12-19 00:00:00+00:00,2025-12-19 06:55:00+00:00,0.7174695864716488,0,0.1414863921842289,0.1414863921842289,-1,50.0,5.0,0.0021599531173706055,3.779910295191405,0.0006585632051740374,0.0006642682211739677,Frankfurt,Frankfurt,1,6.916666666666667,4
GBPCHF=X,2025-12-22 00:00:00+00:00,2025-12-22 06:55:00+00:00,0.9287750372988609,1,0.3309605488850772,0.3309605488850772,-1,50.0,5.0,0.0017499923706054688,3.1777839626434115,0.0006064346858433314,0.0006200075149536133,Frankfurt,Frankfurt,1,6.916666666666667,0
GBPCHF=X,2025-12-24 00:00:00+00:00,2025-12-24 10:05:00+00:00,0.46308122882771835,0,0.5324821894618044,0.5324821894618044,1,150.0,5.0,0.002429962158203125,4.333728170083523,0.0006843124117170062,0.0006843209266662598,London,London,-1,10.083333333333334,2
GBPCHF=X,2025-12-25 00:00:00+00:00,2025-12-25 06:30:00+00:00,0.5778690003919816,0,0.3372913842270114,0.3372913842270114,-1,25.0,5.0,0.0034101009368896484,5.014700358117753,0.0008064508438110352,0.000832881246294294,Frankfurt,Frankfurt,1,6.5,3
GBPCHF=X,2025-12-26 00:00:00+00:00,2025-12-26 09:10:00+00:00,0.30925994191579437,0,0.1390676193107804,0.1390676193107804,-1,95.0,5.0,0.0034099817276000977,6.096918579867244,0.0007321408816746303,0.0007135612624032157,London,London,1,9.166666666666666,4
GBPCHF=X,2025-12-29 00:00:00+00:00,2025-12-29 08:15:00+00:00,0.6326241170108152,0,0.3376683697166744,0.3376683697166744,1,85.0,50.0,0.002339959144592285,3.9900975723080494,0.0007457137107849121,0.0008035557610648019,London,Frankfurt,-1,8.25,0
GBPNZD=X,2025-12-05 00:00:00+00:00,2025-12-05 15:05:00+00:00,0.011690010798324494,0,0.6456563570657531,0.6456563570657531,1,,5.0,0.0070497989654541016,8.575163127913,0.0013200044631958008,0.0013207197189331055,Other,Other,-1,15.083333333333334,4
GBPNZD=X,2025-12-08 00:00:00+00:00,2025-12-08 08:00:00+00:00,0.44954989632667197,0,0.4718124873711861,0.4718124873711861,-1,25.0,5.0,0.005169868469238281,7.195108077360637,0.0011321476527622768,0.0011628525597708566,London,London,1,8.0,0
GBPNZD=X,2025-12-12 00:00:00+00:00,2025-12-12 10:00:00+00:00,0.005841348754829517,0,0.14694915254237287,0.14694915254237287,1,30.0,120.0,0.004400014877319336,5.855676177957074,0.0011371544429234096,0.0010478496551513672,London,London,-1,10.0,4
GBPNZD=X,2025-12-16 00:00:00+00:00,2025-12-16 07:00:00+00:00,0.0548407379070223,0,0.1254180602006689,0.1254180602006689,1,55.0,5.0,0.010489940643310547,10.512723362859045,0.0009700570787702288,0.0010700396129063197,Frankfurt,Frankfurt,-1,7.0,1
GBPNZD=X,2025-12-18 00:00:00+00:00,2025-12-18 12:05:00+00:00,0.0013107478884617134,0,2.3929628411706676,1.0,1,270.0,5.0,0.009419918060302734,10.270531221568227,0.0015321459089006697,0.001552854265485491,London,London,-1,12.083333333333334,3
GBPNZD=X,2025-12-19 00:00:00+00:00,2025-12-19 06:05:00+00:00,0.05294733283234708,0,0.1386654798613981,0.1386654798613981,-1,0.0,5.0,0.008440017700195312,9.871723368655884,0.0008771249226161412,0.0008763926369803292,Frankfurt,Frankfurt,1,6.083333333333333,4
GBPNZD=X,2025-12-25 00:00:00+00:00,2025-12-25 07:05:00+00:00,0.038233137769663535,0,0.12749019921593727,0.12749019921593727,-1,60.0,5.0,0.0060498714447021484,10.573546044407406,0.0007728338241577148,0.0008335454123360771,Frankfurt,Frankfurt,1,7.083333333333333,3
GBPNZD=X,2025-12-29 00:00:00+00:00,2025-12-29 06:05:00+00:00,0.9001948960865952,1,0.23007166886061137,0.23007166886061137,-1,0.0,5.0,0.003880023956298828,4.283839428410266,0.0009114571980067662,0.0008728844778878349,Frankfurt,Frankfurt,1,6.083333333333333,0
GBPNZD=X,2025-12-30 00:00:00+00:00,2025-12-30 06:35:00+00:00,0.37820553233643495,0,0.19958624256529608,0.19958624256529608,1,30.0,5.0,0.0054798126220703125,6.943057503506312,0.0008157151085989815,0.0008293049676077706,Frankfurt,Frankfurt,-1,6.583333333333333,1
GBPUSD=X,2025-12-04 00:00:00+00:00,2025-12-04 08:30:00+00:00,8.964226920423125e-05,0,0.2505621740586575,0.2505621740586575,-1,55.0,5.0,0.002687692642211914,19.411106328024108,0.0003368854522705078,0.0003700511796133859,London,London,1,8.5,3
GBPUSD=X,2025-12-08 00:00:00+00:00,2025-12-08 06:05:00+00:00,0.019789022369588502,0,0.5687313680026499,0.5687313680026499,-1,0.0,5.0,0.0018665790557861328,12.66023678891135,0.0002033710479736328,0.0002593057496207101,Frankfurt,Frankfurt,1,6.083333333333333,0
GBPUSD=X,2025-12-09 00:00:00+00:00,2025-12-09 08:35:00+00:00,0.05381910457745903,0,0.2759706909539136,0.2759706909539136,-1,60.0,5.0,0.0017940998077392578,10.787425762850706,0.0003490533147539411,0.0003440465245928083,London,London,1,8.583333333333334,1
GBPUSD=X,2025-12-12 00:00:00+00:00,2025-12-12 07:25:00+00:00,0.014261386092463128,0,1.0145953599825728,1.0,1,60.0,25.0,0.001130223274230957,7.739140574893591,0.0002805335181100028,0.0003623536654881069,Frankfurt,Frankfurt,-1,7.416666666666667,4
GBPUSD=X,2025-12-18 00:00:00+00:00,2025-12-18 12:00:00+00:00,1.109090313432007e-06,0,4.678014454165082,1.0,1,80.0,190.0,0.0018593072891235352,9.158159627563645,0.0003867830548967634,0.0005357010023934501,London,London,-1,12.0,3
GBPUSD=X,2025-12-19 00:00:00+00:00,2025-12-19 08:00:00+00:00,0.0022255350403538733,0,0.19247432605905007,0.19247432605905007,1,10.0,20.0,0.0016467571258544922,12.889629432151425,0.0003553628921508789,0.0003143378666469029,London,London,-1,8.0,4
GBPUSD=X,2025-12-22 00:00:00+00:00,2025-12-22 07:05:00+00:00,0.0028697887836919653,0,0.3717517997943092,0.3717517997943092,-1,60.0,5.0,0.002205491065979004,15.631502715751356,0.0002320408821105957,0.0002474273954119001,Frankfurt,Frankfurt,1,7.083333333333333,0
GBPUSD=X,2025-12-24 00:00:00+00:00,2025-12-24 15:05:00+00:00,7.229904433883557e-07,0,0.21016255862336472,0.21016255862336472,1,,5.0,0.004036545753479004,25.143417842367665,0.00030611242566789897,0.0003204260553632464,Other,Other,-1,15.083333333333334,2
GBPUSD=X,2025-12-25 00:00:00+00:00,2025-12-25 06:10:00+00:00,0.06072299994532064,0,0.12130423919380362,0.12130423919380362,-1,5.0,5.0,0.0031185150146484375,10.173615933775938,0.00034048727580479214,0.0003561462674822126,Frankfurt,Frankfurt,1,6.166666666666667,3
GBPUSD=X,2025-12-29 00:00:00+00:00,2025-12-29 07:40:00+00:00,0.04167361885573538,0,0.1676237079942078,0.1676237079942078,1,5.0,5.0,0.0027693510055541992,11.64002720017179,0.00036666222981044224,0.0003796134676252093,London,London,-1,7.666666666666667,0
NZDCAD=X,2025-12-03 00:00:00+00:00,2025-12-03 06:05:00+00:00,0.06309739320768368,0,0.14345354861425483,0.14345354861425483,-1,0.0,5.0,0.00270998477935791,10.657045271899277,0.00026785901614597866,0.00026785475867135186,Frankfurt,Frankfurt,1,6.083333333333333,2
NZDCAD=X,2025-12-18 00:00:00+00:00,2025-12-18 06:30:00+00:00,0.047998673277006375,0,0.2033842656901124,0.2033842656901124,1,25.0,5.0,0.0028400421142578125,9.535048599199543,0.00033213411058698384,0.00033856715474809917,Frankfurt,Frankfurt,-1,6.5,3
NZDCAD=X,2025-12-19 00:00:00+00:00,2025-12-19 07:05:00+00:00,0.01824236720975092,0,0.45333651222548943,0.45333651222548943,1,60.0,5.0,0.0027300119400024414,9.70073069998941,0.0003935737269265311,0.00039071696145193916,Frankfurt,Frankfurt,-1,7.083333333333333,4
NZDCAD=X,2025-12-25 00:00:00+00:00,2025-12-25 06:20:00+00:00,0.19353823683389312,0,0.39262076278933705,0.39262076278933705,-1,15.0,5.0,0.0018000006675720215,7.5450343535290445,0.00023571082523890903,0.00022714052881513323,Frankfurt,Frankfurt,1,6.333333333333333,3
NZDCAD=X,2025-12-29 00:00:00+00:00,2025-12-29 06:15:00+00:00,0.7308745252497043,0,0.240493435943866,0.240493435943866,1,10.0,5.0,0.0018100142478942871,5.26812887236679,0.000335007905960083,0.00033786467143467495,Frankfurt,Frankfurt,-1,6.25,0
NZDCAD=X,2025-12-30 00:00:00+00:00,2025-12-30 06:05:00+00:00,0.2245386451737522,0,0.21069885263001042,0.21069885263001042,-1,0.0,5.0,0.003280043601989746,8.899284979958647,0.0003700000899178641,0.00040142876761300225,Frankfurt,Frankfurt,1,6.083333333333333,1
NZDCHF=X,2025-12-04 00:00:00+00:00,2025-12-04 07:25:00+00:00,0.13647053339671422,0,0.15137595865972195,0.15137595865972195,-1,80.0,5.0,0.002499997615814209,8.29393070523595,0.00030500335352761406,0.0003007182053157261,Frankfurt,Frankfurt,1,7.416666666666667,3
NZDCHF=X,2025-12-22 00:00:00+00:00,2025-12-22 06:55:00+00:00,0.6465067380197907,0,0.1301779321776853,0.1301779321776853,-1,50.0,5.0,0.0019100010395050049,6.55392908796073,0.00029571567262922017,0.00029500254562922886,Frankfurt,Frankfurt,1,6.916666666666667,0
NZDCHF=X,2025-12-25 00:00:00+00:00,2025-12-25 08:00:00+00:00,0.5215284288465571,0,1.16000913940574,1.0,1,25.0,5.0,0.004339993000030518,3.045617850970035,0.0029485715287072317,0.003136428339140756,London,London,-1,8.0,3
NZDCHF=X,2025-12-29 00:00:00+00:00,2025-12-29 07:10:00+00:00,0.7629554486885342,0,0.25,0.25,1,65.0,5.0,0.001390010118484497,4.644493602008663,0.0003350057772227696,0.00034071930817195347,Frankfurt,Frankfurt,-1,7.166666666666667,0
USDCAD=X,2025-12-03 00:00:00+00:00,2025-12-03 07:05:00+00:00,0.8755440005338195,1,0.29412943297936284,0.29412943297936284,1,60.0,5.0,0.0015399456024169922,2.2813820594653915,0.0006378548485892159,0.0006464294024876186,Frankfurt,Frankfurt,-1,7.083333333333333,2
USDCAD=X,2025-12-05 00:00:00+00:00,2025-12-05 06:05:00+00:00,0.747122843523165,0,0.2631531773774312,0.2631531773774312,1,0.0,5.0,0.0016800165176391602,2.8930760432857268,0.0005842702729361397,0.0005906990596226283,Frankfurt,Frankfurt,-1,6.083333333333333,4
USDCAD=X,2025-12-08 00:00:00+00:00,2025-12-08 06:05:00+00:00,0.8870014951387704,1,0.35750463248919084,0.35750463248919084,1,0.0,5.0,0.0020200014114379883,3.4916032556701944,0.0006299614906311035,0.0006313920021057129,Frankfurt,Frankfurt,-1,6.083333333333333,0
USDCAD=X,2025-12-10 00:00:00+00:00,2025-12-10 08:15:00+00:00,0.8396221918975408,1,0.6016769370643499,0.6016769370643499,-1,40.0,5.0,0.0017600059509277344,2.871655227986329,0.0006993072373526436,0.0007285901478358678,London,London,1,8.25,2
USDCAD=X,2025-12-12 00:00:00+00:00,2025-12-12 07:45:00+00:00,0.7078134559320183,0,0.26276864178195425,0.26276864178195425,1,10.0,5.0,0.0017300844192504883,3.113375522900354,0.0007028664861406599,0.00069929872240339,London,London,-1,7.75,4
USDCAD=X,2025-12-15 00:00:00+00:00,2025-12-15 07:05:00+00:00,0.8116338285980443,1,0.902587961616749,0.902587961616749,1,60.0,5.0,0.0015599727630615234,2.8252602359472587,0.0006464464323861259,0.0006471616881234306,Frankfurt,Frankfurt,-1,7.083333333333333,0
USDCAD=X,2025-12-16 00:00:00+00:00,2025-12-16 07:00:00+00:00,0.839474185438663,1,0.2298574952041655,0.2298574952041655,1,55.0,5.0,0.0021399259567260742,3.4674043516052926,0.0006078566823686872,0.0006235667637416295,Frankfurt,Frankfurt,-1,7.0,1
USDCAD=X,2025-12-18 00:00:00+00:00,2025-12-18 06:05:00+00:00,0.8450150973116044,1,0.21017622667588112,0.21017622667588112,1,0.0,5.0,0.0016700029373168945,2.656921847270954,0.0006299700055803571,0.0006621139390127999,Frankfurt,Frankfurt,-1,6.083333333333333,3
USDCAD=X,2025-12-22 00:00:00+00:00,2025-12-22 07:05:00+00:00,0.9189104695261645,1,0.32236453201970444,0.32236453201970444,1,60.0,5.0,0.001600027084350586,2.638527317915666,0.0006671122142246791,0.0006714037486485072,Frankfurt,Frankfurt,-1,7.083333333333333,0
USDCAD=X,2025-12-23 00:00:00+00:00,2025-12-23 08:00:00+00:00,0.7373793416548222,0,0.1404856903600808,0.1404856903600808,1,25.0,5.0,0.0027600526809692383,4.770582521414064,0.0006835545812334333,0.0006942663873944964,London,London,-1,8.0,1
USDCAD=X,2025-12-24 00:00:00+00:00,2025-12-24 09:10:00+00:00,0.736067181088024,0,0.2222663752566395,0.2222663752566395,1,95.0,5.0,0.002200007438659668,3.5937630400311567,0.0007464204515729632,0.0007485662187848772,London,London,-1,9.166666666666666,2
USDCAD=X,2025-12-25 00:00:00+00:00,2025-12-25 06:15:00+00:00,0.8806514559159979,1,0.18911082474226804,0.18911082474226804,-1,5.0,10.0,0.001170039176940918,2.638086278725978,0.0005020839827401298,0.0006070818219866071,Frankfurt,Frankfurt,1,6.25,3
USDCAD=X,2025-12-26 00:00:00+00:00,2025-12-26 07:15:00+00:00,0.46973313494129404,0,0.6154057771664374,0.6154057771664374,1,70.0,5.0,0.0018999576568603516,3.495230188442801,0.0006978341511317662,0.0007178357669285365,Frankfurt,Frankfurt,-1,7.25,4
USDCAD=X,2025-12-30 00:00:00+00:00,2025-12-30 06:15:00+00:00,0.8565424363875972,1,0.5262992784690996,0.5262992784690996,1,10.0,5.0,0.0017399787902832031,2.9035209866719716,0.0006207057407924107,0.0006314260619027274,Frankfurt,Frankfurt,-1,6.25,1
USDCHF=X,2025-12-03 00:00:00+00:00,2025-12-03 06:40:00+00:00,0.6781341929777716,0,0.12196540194795755,0.12196540194795755,1,10.0,30.0,0.00042998790740966797,3.3631701631701634,0.00013284598078046526,0.00017571023532322476,Frankfurt,Frankfurt,-1,6.666666666666667,2
USDCHF=X,2025-12-05 00:00:00+00:00,2025-12-05 07:40:00+00:00,0.06668165907003343,0,0.3091914359658066,0.3091914359658066,1,5.0,5.0,0.0018000006675720215,8.316828956427658,0.00028571912220546177,0.00030857324600219727,London,London,-1,7.666666666666667,4
USDCHF=X,2025-12-08 00:00:00+00:00,2025-12-08 06:15:00+00:00,0.06518491208583845,0,0.31013279010110156,0.31013279010110156,1,0.0,15.0,0.0015799999237060547,10.100209563726423,0.00018500430243355886,0.00020500166075570242,Frankfurt,Frankfurt,-1,6.25,0
USDCHF=X,2025-12-09 00:00:00+00:00,2025-12-09 09:20:00+00:00,0.06435731006323608,0,0.32446656732506896,0.32446656732506896,1,105.0,5.0,0.002279996871948242,9.415711372107744,0.00036356704575674873,0.0003742788519178118,London,London,-1,9.333333333333334,1
USDCHF=X,2025-12-11 00:00:00+00:00,2025-12-11 06:25:00+00:00,0.12613490498899416,0,0.14528782475802343,0.14528782475802343,-1,20.0,5.0,0.001340031623840332,8.807342530150823,0.00016214592116219656,0.0001650026866367885,Frankfurt,Frankfurt,1,6.416666666666667,3
USDCHF=X,2025-12-15 00:00:00+00:00,2025-12-15 08:30:00+00:00,0.08479360828574525,0,0.8333664481091463,0.8333664481091463,-1,55.0,5.0,0.0014699697494506836,9.44,0.0002992664064679827,0.0002992706639426095,London,London,1,8.5,0
USDCHF=X,2025-12-17 00:00:00+00:00,2025-12-17 12:10:00+00:00,1.5102754227182383e-08,0,0.12962758559791607,0.12962758559791607,-1,5.0,365.0,0.002780020236968994,14.688096095015295,0.0002085566520690918,0.00027214629309518,London,Frankfurt,1,12.166666666666666,2
USDCHF=X,2025-12-19 00:00:00+00:00,2025-12-19 06:50:00+00:00,0.019719490908876737,0,0.19207974137931033,0.19207974137931033,-1,45.0,5.0,0.002110004425048828,10.941363475803602,0.0002785665648324149,0.00027499880109514507,Frankfurt,Frankfurt,1,6.833333333333333,4
USDCHF=X,2025-12-22 00:00:00+00:00,2025-12-22 08:00:00+00:00,0.43911394431971906,0,0.33696145124716553,0.33696145124716553,1,25.0,5.0,0.0012200474739074707,6.804530559908819,0.0002899893692561558,0.00027998856135777066,London,London,-1,8.0,0
USDCHF=X,2025-12-24 00:00:00+00:00,2025-12-24 10:05:00+00:00,0.0005968299822007346,0,0.1653327565073185,0.1653327565073185,1,150.0,5.0,0.0028499960899353027,16.024177139437462,0.00029286742210388184,0.0002942936761038644,London,London,-1,10.083333333333334,2
USDCHF=X,2025-12-26 00:00:00+00:00,2025-12-26 13:05:00+00:00,3.2935941865783204e-12,0,0.15045539262228785,0.15045539262228785,-1,60.0,365.0,0.0037599802017211914,24.25897541546491,0.00021500672612871443,0.00024572014808654785,NY,Frankfurt,1,13.083333333333334,4
USDCHF=X,2025-12-29 00:00:00+00:00,2025-12-29 09:45:00+00:00,0.06733930584198185,0,0.302318328308556,0.302318328308556,1,120.0,15.0,0.0019199848175048828,9.300802276898963,0.0003492917333330427,0.0003914407321384975,London,London,-1,9.75,0
USDCHF=X,2025-12-30 00:00:00+00:00,2025-12-30 07:35:00+00:00,0.3424810480005791,0,0.18487352867518156,0.18487352867518156,-1,0.0,5.0,0.0013900399208068848,8.041724137931034,0.0002471421446119036,0.00026357173919677734,London,London,1,7.583333333333333,1
USDHUF=X,2025-12-03 00:00:00+00:00,2025-12-03 06:05:00+00:00,0.9995903408959416,1,0.2353020375190737,0.2353020375190737,1,0.0,5.0,0.82000732421875,3.305507715018804,0.24928719656808035,0.2528599330357143,Frankfurt,Frankfurt,-1,6.083333333333333,2
USDHUF=X,2025-12-04 00:00:00+00:00,2025-12-04 14:20:00+00:00,0.2959603996249972,0,0.26687725160549264,0.26687725160549264,-1,155.0,255.0,1.22900390625,4.726919078439921,0.4084232875279018,0.412567138671875,NY,London,1,14.333333333333334,3
USDHUF=X,2025-12-05 00:00:00+00:00,2025-12-05 06:40:00+00:00,0.999410871818882,1,0.2614588763684485,0.2614588763684485,1,35.0,5.0,0.8900146484375,3.340582378112139,0.28713771275111605,0.28785269601004465,Frankfurt,Frankfurt,-1,6.666666666666667,4
USDHUF=X,2025-12-08 00:00:00+00:00,2025-12-08 06:05:00+00:00,0.999164734509323,1,0.8103656932386214,0.8103656932386214,1,0.0,5.0,0.579986572265625,2.2937266700575005,0.28285653250558035,0.2928553989955357,Frankfurt,Frankfurt,-1,6.083333333333333,0
USDHUF=X,2025-12-09 00:00:00+00:00,2025-12-09 07:20:00+00:00,0.9997308618689231,1,0.2691292875989446,0.2691292875989446,-1,70.0,10.0,0.673004150390625,2.539644152703403,0.3461390904017857,0.3729248046875,Frankfurt,Frankfurt,1,7.333333333333333,1
USDHUF=X,2025-12-10 00:00:00+00:00,2025-12-10 09:20:00+00:00,0.8893602999350759,1,0.969366320457463,0.969366320457463,1,65.0,135.0,0.579986572265625,2.381173985806209,0.3224247523716518,0.41342599051339285,London,Frankfurt,-1,9.333333333333334,2
USDHUF=X,2025-12-11 00:00:00+00:00,2025-12-11 06:05:00+00:00,0.9999742982107964,1,0.12500841467519352,0.12500841467519352,-1,0.0,5.0,1.48101806640625,5.7103714910068915,0.26150076729910715,0.2629307338169643,Frankfurt,Frankfurt,1,6.083333333333333,3
USDHUF=X,2025-12-12 00:00:00+00:00,2025-12-12 06:05:00+00:00,0.9987126977153582,1,0.32695580726568463,0.32695580726568463,1,0.0,5.0,0.660003662109375,2.386352351452959,0.27371651785714285,0.27800205775669645,Frankfurt,Frankfurt,-1,6.083333333333333,4
USDHUF=X,2025-12-16 00:00:00+00:00,2025-12-16 06:05:00+00:00,0.9998579865730018,1,0.20313766630108246,0.20313766630108246,-1,0.0,5.0,0.739990234375,2.6029735387257795,0.2899998256138393,0.2935725620814732,Frankfurt,Frankfurt,1,6.083333333333333,1
USDHUF=X,2025-12-18 00:00:00+00:00,2025-12-18 07:15:00+00:00,0.9967065024950562,1,2.266369993642721,1.0,-1,70.0,5.0,0.709991455078125,2.738278392897677,0.34071132114955355,0.35306876046316965,Frankfurt,Frankfurt,1,7.25,3
USDHUF=X,2025-12-19 00:00:00+00:00,2025-12-19 06:55:00+00:00,0.9976879759779924,1,0.5436544633628896,0.5436544633628896,-1,40.0,15.0,0.626007080078125,2.456982991684063,0.28428213936941965,0.2914276123046875,Frankfurt,Frankfurt,1,6.916666666666667,4
USDHUF=X,2025-12-22 00:00:00+00:00,2025-12-22 07:40:00+00:00,0.9998610219914454,1,0.4285506684751017,0.4285506684751017,1,5.0,5.0,0.8800048828125,3.530115424973767,0.3401423863002232,0.34299795968191965,London,London,-1,7.666666666666667,0
USDHUF=X,2025-12-24 00:00:00+00:00,2025-12-24 07:25:00+00:00,0.9999764927193094,1,0.21998430551922574,0.21998430551922574,-1,80.0,5.0,1.279998779296875,4.460970440093899,0.3879307338169643,0.3910740443638393,Frankfurt,Frankfurt,1,7.416666666666667,2
USDHUF=X,2025-12-25 00:00:00+00:00,2025-12-25 07:35:00+00:00,0.5585016330765187,0,1.9032289820830872,1.0,-1,0.0,5.0,0.55999755859375,9.011821657838425,0.15064566476004465,0.14778791155133927,London,London,1,7.583333333333333,3
USDHUF=X,2025-12-26 00:00:00+00:00,2025-12-26 07:10:00+00:00,0.9999421135313693,1,0.2568804770837416,0.2568804770837416,-1,65.0,5.0,1.17999267578125,3.3373242171846393,0.31928798130580355,0.3361445835658482,Frankfurt,Frankfurt,1,7.166666666666667,4
USDHUF=X,2025-12-29 00:00:00+00:00,2025-12-29 06:20:00+00:00,0.9999657542986283,1,0.3414588760699665,0.3414588760699665,-1,15.0,5.0,1.100006103515625,3.969120411518102,0.29357692173549105,0.2907191685267857,Frankfurt,Frankfurt,1,6.333333333333333,0
USDHUF=X,2025-12-30 00:00:00+00:00,2025-12-30 09:50:00+00:00,0.9997375110078376,1,0.5407735214124372,0.5407735214124372,1,135.0,5.0,0.910003662109375,3.3351122047086834,0.37028721400669645,0.37057059151785715,London,London,-1,9.833333333333334,1
USDMXN=X,2025-12-04 00:00:00+00:00,2025-12-04 06:10:00+00:00,0.8414167113818429,1,0.12425935330963264,0.12425935330963264,-1,5.0,5.0,0.03800010681152344,3.955386644355262,0.009714399065290178,0.009821619306291853,Frankfurt,Frankfurt,1,6.166666666666667,3
USDMXN=X,2025-12-08 00:00:00+00:00,2025-12-08 06:10:00+00:00,0.9194337071153007,1,0.46319663512092535,0.46319663512092535,1,0.0,10.0,0.020040512084960938,2.6415141774561386,0.008201054164341517,0.00840405055454799,Frankfurt,Frankfurt,-1,6.166666666666667,0
USDMXN=X,2025-12-12 00:00:00+00:00,2025-12-12 06:15:00+00:00,0.5909531393628726,0,0.13032595710791284,0.13032595710791284,1,10.0,5.0,0.0373992919921875,4.572304207335354,0.008301598685128348,0.008194378444126673,Frankfurt,Frankfurt,-1,6.25,4
USDMXN=X,2025-12-16 00:00:00+00:00,2025-12-16 06:05:00+00:00,0.9342463134736951,1,0.3672602637657403,0.3672602637657403,-1,0.0,5.0,0.031000137329101562,3.0564704618112457,0.010499681745256697,0.010571207318987166,Frankfurt,Frankfurt,1,6.083333333333333,1
USDMXN=X,2025-12-17 00:00:00+00:00,2025-12-17 07:05:00+00:00,0.8085883291165755,1,0.41846466012850864,0.41846466012850864,-1,60.0,5.0,0.03700065612792969,3.8802434563950166,0.011096273149762834,0.011667660304478236,Frankfurt,Frankfurt,1,7.083333333333333,2
USDMXN=X,2025-12-19 00:00:00+00:00,2025-12-19 06:45:00+00:00,0.814808362810755,1,0.1589717678266911,0.1589717678266911,-1,40.0,5.0,0.03299903869628906,3.335821512188404,0.01078592027936663,0.010678700038364955,Frankfurt,Frankfurt,1,6.75,4
USDMXN=X,2025-12-22 00:00:00+00:00,2025-12-22 08:00:00+00:00,0.78538362146349,0,0.16060265066266566,0.16060265066266566,1,25.0,5.0,0.03491020202636719,5.247204816316501,0.008405685424804688,0.00887652805873326,London,London,-1,8.0,0
USDMXN=X,2025-12-24 00:00:00+00:00,2025-12-24 10:45:00+00:00,0.5162387357371466,0,0.34751437267500845,0.34751437267500845,1,190.0,5.0,0.03750038146972656,4.557562712145045,0.010392052786690848,0.01074913569859096,London,London,-1,10.75,2
USDMXN=X,2025-12-29 00:00:00+00:00,2025-12-29 07:45:00+00:00,0.9155622839369915,1,0.267675483214649,0.267675483214649,-1,75.0,30.0,0.030050277709960938,3.591058578359545,0.009853771754673548,0.01004437037876674,London,Frankfurt,1,7.75,0
USDNOK=X,2025-12-03 00:00:00+00:00,2025-12-03 06:35:00+00:00,0.19155169398845878,0,0.12605042016806722,0.12605042016806722,1,0.0,35.0,0.012769699096679688,6.536718041704442,0.002029214586530413,0.0023640223911830355,Frankfurt,Frankfurt,-1,6.583333333333333,2
USDNOK=X,2025-12-04 00:00:00+00:00,2025-12-04 07:40:00+00:00,0.0007971750394689905,0,0.2412102488330703,0.2412102488330703,-1,5.0,5.0,0.03481006622314453,16.805248618784532,0.005616256168910435,0.005736214773995536,London,London,1,7.666666666666667,3
USDNOK=X,2025-12-05 00:00:00+00:00,2025-12-05 07:45:00+00:00,0.016348606699135248,0,0.2304657622478966,0.2304657622478966,1,35.0,70.0,0.024300575256347656,8.325958082434767,0.003048488071986607,0.004528454371861049,London,Frankfurt,-1,7.75,4
USDNOK=X,2025-12-08 00:00:00+00:00,2025-12-08 06:05:00+00:00,0.5509868191154716,0,0.3976553341148886,0.3976553341148886,1,0.0,5.0,0.0164794921875,6.336135774338022,0.0034280504499162945,0.003690106528145926,Frankfurt,Frankfurt,-1,6.083333333333333,0
USDNOK=X,2025-12-09 00:00:00+00:00,2025-12-09 07:05:00+00:00,0.3077278840393162,0,0.8655926622765757,0.8655926622765757,-1,60.0,5.0,0.014669418334960938,6.590806145559161,0.004148551395961216,0.004447868892124721,Frankfurt,Frankfurt,1,7.083333333333333,1
USDNOK=X,2025-12-12 00:00:00+00:00,2025-12-12 07:25:00+00:00,0.08820635596560784,0,0.1390451167946139,0.1390451167946139,-1,80.0,5.0,0.024770736694335938,8.726775300583167,0.004875114985874721,0.004891531808035714,Frankfurt,Frankfurt,1,7.416666666666667,4
USDNOK=X,2025-12-16 00:00:00+00:00,2025-12-16 08:40:00+00:00,0.02318481604072479,0,0.35647683259216756,0.35647683259216756,-1,65.0,5.0,0.041339874267578125,12.305533588823327,0.00755793707711356,0.008027962275913783,London,London,1,8.666666666666666,1
USDNOK=X,2025-12-18 00:00:00+00:00,2025-12-18 08:20:00+00:00,0.2843810737748386,0,0.40567292852961523,0.40567292852961523,-1,45.0,5.0,0.02288055419921875,6.786438760253768,0.005191939217703683,0.005369799477713448,London,London,1,8.333333333333334,3
USDNOK=X,2025-12-22 00:00:00+00:00,2025-12-22 06:20:00+00:00,0.5815975151265445,0,0.13151254267478105,0.13151254267478105,1,15.0,5.0,0.014269828796386719,6.60201701859439,0.0019170897347586496,0.0019356863839285715,Frankfurt,Frankfurt,-1,6.333333333333333,0
USDNOK=X,2025-12-23 00:00:00+00:00,2025-12-23 09:25:00+00:00,0.014511633842138008,0,0.18776389738213797,0.18776389738213797,1,65.0,50.0,0.03378009796142578,10.077098150782362,0.004495825086321149,0.005070618220738002,London,London,-1,9.416666666666666,1
USDNOK=X,2025-12-25 00:00:00+00:00,2025-12-25 07:30:00+00:00,0.7481652742119486,0,2.1670509327185075,1.0,1,85.0,5.0,0.02649974822998047,1.5604099396321776,0.008236953190394811,0.00864199229649135,London,Frankfurt,-1,7.5,3
USDNOK=X,2025-12-30 00:00:00+00:00,2025-12-30 09:30:00+00:00,0.024034119950011316,0,0.3494912045436617,0.3494912045436617,1,95.0,25.0,0.02653980255126953,10.110182686319286,0.006738594600132534,0.006168569837297712,London,London,-1,9.5,1
USDPLN=X,2025-12-03 00:00:00+00:00,2025-12-03 06:10:00+00:00,0.8603820307169896,1,0.2586015538290788,0.2586015538290788,1,5.0,5.0,0.00690007209777832,2.963271216686657,0.0023856673921857563,0.002449955259050642,Frankfurt,Frankfurt,-1,6.166666666666667,2
USDPLN=X,2025-12-05 00:00:00+00:00,2025-12-05 07:10:00+00:00,0.5802177194104987,0,0.21803397705822564,0.21803397705822564,1,65.0,5.0,0.008559942245483398,3.792379658970877,0.0017549991607666016,0.0017528533935546875,Frankfurt,Frankfurt,-1,7.166666666666667,4
USDPLN=X,2025-12-08 00:00:00+00:00,2025-12-08 06:20:00+00:00,0.7814037360072806,0,0.5902983119362204,0.5902983119362204,1,0.0,20.0,0.0064198970794677734,3.3763053719526392,0.002130746841430664,0.002143587384905134,Frankfurt,Frankfurt,-1,6.333333333333333,0
USDPLN=X,2025-12-09 00:00:00+00:00,2025-12-09 07:20:00+00:00,0.9056683308971416,1,0.1832391713747646,0.1832391713747646,-1,75.0,5.0,0.007030010223388672,3.2893797411869703,0.0014649970190865652,0.0015399966921125139,Frankfurt,Frankfurt,1,7.333333333333333,1
USDPLN=X,2025-12-10 00:00:00+00:00,2025-12-10 07:10:00+00:00,0.8685198631421513,1,0.13860256511133842,0.13860256511133842,1,65.0,5.0,0.006410121917724609,2.7360509405983775,0.0019892965044294086,0.0018892969403948104,Frankfurt,Frankfurt,-1,7.166666666666667,2
USDPLN=X,2025-12-15 00:00:00+00:00,2025-12-15 08:15:00+00:00,0.8559509858716623,1,0.8436894650573685,0.8436894650573685,-1,40.0,5.0,0.0058100223541259766,3.333619956811053,0.0019107375826154435,0.001969303403581892,London,London,1,8.25,0
USDPLN=X,2025-12-16 00:00:00+00:00,2025-12-16 06:05:00+00:00,0.9115713853203476,1,0.1382822158120916,0.1382822158120916,-1,0.0,5.0,0.009010076522827148,3.7744089488778236,0.002297861235482352,0.0022614342825753348,Frankfurt,Frankfurt,1,6.083333333333333,1
USDPLN=X,2025-12-18 00:00:00+00:00,2025-12-18 08:05:00+00:00,0.4182454016247292,0,0.5612826431972299,0.5612826431972299,-1,30.0,5.0,0.010199785232543945,5.517688027416442,0.002282857894897461,0.0023992913109915598,London,London,1,8.083333333333334,3
USDPLN=X,2025-12-19 00:00:00+00:00,2025-12-19 14:05:00+00:00,7.528647495445101e-08,0,0.7327148987819151,0.7327148987819151,-1,40.0,445.0,0.006300210952758789,3.65841598844971,0.0014693055834089006,0.0026550122669764926,NY,Frankfurt,1,14.083333333333334,4
USDPLN=X,2025-12-22 00:00:00+00:00,2025-12-22 07:45:00+00:00,0.9142439196114287,1,0.2815426997245179,0.2815426997245179,1,5.0,10.0,0.005500078201293945,2.9079269610314773,0.001290713037763323,0.0012978485652378627,London,London,-1,7.75,0
USDPLN=X,2025-12-23 00:00:00+00:00,2025-12-23 09:30:00+00:00,0.8138631386673377,1,0.23228437841960406,0.23228437841960406,-1,115.0,5.0,0.008800029754638672,4.116302226470705,0.002481443541390555,0.002447162355695452,London,London,1,9.5,1
USDPLN=X,2025-12-24 00:00:00+00:00,2025-12-24 08:00:00+00:00,0.7350351545418297,0,0.12329492003762935,0.12329492003762935,-1,0.0,30.0,0.008599996566772461,3.7874076574042825,0.002072129930768694,0.0019385644367762975,London,London,1,8.0,2
USDPLN=X,2025-12-26 00:00:00+00:00,2025-12-26 07:10:00+00:00,0.5087857144073308,0,0.15817812323228092,0.15817812323228092,-1,65.0,5.0,0.011700153350830078,5.091758009649377,0.002305013792855399,0.0023828744888305664,Frankfurt,Frankfurt,1,7.166666666666667,4
USDPLN=X,2025-12-29 00:00:00+00:00,2025-12-29 06:10:00+00:00,0.9006538661284258,1,0.16384394374716468,0.16384394374716468,-1,5.0,5.0,0.011009931564331055,4.465159646105712,0.0024821587971278597,0.002399989536830357,Frankfurt,Frankfurt,1,6.166666666666667,0
USDPLN=X,2025-12-30 00:00:00+00:00,2025-12-30 07:55:00+00:00,0.885018819205621,1,0.40190729448443446,0.40190729448443446,-1,80.0,35.0,0.005700111389160156,2.6547588832487308,0.0016600234167916434,0.0018178565161568777,London,Frankfurt,1,7.916666666666667,1
USDSEK=X,2025-12-03 00:00:00+00:00,2025-12-03 06:05:00+00:00,0.8942611502197529,1,0.1446225485806394,0.1446225485806394,1,0.0,5.0,0.010979652404785156,2.8173745848627862,0.004022121429443359,0.00413717542375837,Frankfurt,Frankfurt,-1,6.083333333333333,2
USDSEK=X,2025-12-05 00:00:00+00:00,2025-12-05 06:10:00+00:00,0.21478993162143786,0,0.14493828825790786,0.14493828825790786,1,0.0,10.0,0.016119956970214844,6.579602958349552,0.002525670187813895,0.0025686536516462055,Frankfurt,Frankfurt,-1,6.166666666666667,4
USDSEK=X,2025-12-08 00:00:00+00:00,2025-12-08 06:20:00+00:00,0.3857829528000226,0,0.6865934582183334,0.6865934582183334,1,0.0,20.0,0.017450332641601562,5.886846217483225,0.004022189549037388,0.004567282540457589,Frankfurt,Frankfurt,-1,6.333333333333333,0
USDSEK=X,2025-12-12 00:00:00+00:00,2025-12-12 08:40:00+00:00,0.23337171442017968,0,0.22216778934476425,0.22216778934476425,-1,65.0,5.0,0.026380538940429688,6.93308031078807,0.0066084180559430805,0.006138392857142857,London,London,1,8.666666666666666,4
USDSEK=X,2025-12-15 00:00:00+00:00,2025-12-15 07:10:00+00:00,0.6118311509314679,0,0.2914243741200955,0.2914243741200955,1,65.0,5.0,0.017020225524902344,5.8003992942705915,0.005091394696916852,0.005120618002755302,Frankfurt,Frankfurt,-1,7.166666666666667,0
USDSEK=X,2025-12-16 00:00:00+00:00,2025-12-16 06:10:00+00:00,0.8067307465180168,1,0.22203969883641342,0.22203969883641342,-1,5.0,5.0,0.024580001831054688,5.075620322961796,0.004827771868024554,0.00478778566632952,Frankfurt,Frankfurt,1,6.166666666666667,1
USDSEK=X,2025-12-17 00:00:00+00:00,2025-12-17 14:00:00+00:00,1.1715747805138467e-08,0,0.34261368814362525,0.34261368814362525,-1,15.0,465.0,0.024740219116210938,7.651056478965219,0.0036971228463309152,0.006255217960902623,NY,Frankfurt,1,14.0,2
USDSEK=X,2025-12-18 00:00:00+00:00,2025-12-18 08:15:00+00:00,0.049097465176395225,0,0.2964077967139504,0.2964077967139504,1,45.0,90.0,0.018899917602539062,5.829558347690885,0.004208564758300781,0.005740029471261161,London,Frankfurt,-1,8.25,3
USDSEK=X,2025-12-19 00:00:00+00:00,2025-12-19 06:15:00+00:00,0.49099436645436906,0,0.18419001091419365,0.18419001091419365,-1,10.0,5.0,0.021729469299316406,5.5870041159471056,0.003521442413330078,0.00344501222882952,Frankfurt,Frankfurt,1,6.25,4
USDSEK=X,2025-12-22 00:00:00+00:00,2025-12-22 08:30:00+00:00,0.6545825893856138,0,0.24075714861055175,0.24075714861055175,1,85.0,65.0,0.014060020446777344,3.3528045353389326,0.004183428628104073,0.00487586430140904,London,Frankfurt,-1,8.5,0
USDSEK=X,2025-12-23 00:00:00+00:00,2025-12-23 14:15:00+00:00,8.650684797699485e-07,0,0.2381314668289714,0.2381314668289714,1,65.0,340.0,0.026880264282226562,6.754951469606451,0.005294936043875558,0.007098674774169922,NY,London,-1,14.25,1
USDSEK=X,2025-12-24 00:00:00+00:00,2025-12-24 08:15:00+00:00,0.6748357036595432,0,0.18089171974522292,0.18089171974522292,-1,40.0,5.0,0.01912975311279297,5.355289002460001,0.00421421868460519,0.004217760903494698,London,London,1,8.25,2
USDSEK=X,2025-12-26 00:00:00+00:00,2025-12-26 06:45:00+00:00,0.1157569105285042,0,0.1968884120171674,0.1968884120171674,-1,40.0,5.0,0.03287982940673828,8.475767366720516,0.005084991455078125,0.005277156829833984,Frankfurt,Frankfurt,1,6.75,4
USDSEK=X,2025-12-29 00:00:00+00:00,2025-12-29 08:15:00+00:00,0.7574970413747873,0,0.12533810313236193,0.12533810313236193,-1,40.0,5.0,0.04392051696777344,6.23295921425326,0.005609239850725446,0.005427088056291852,London,London,1,8.25,0
USDSEK=X,2025-12-30 00:00:00+00:00,2025-12-30 09:00:00+00:00,0.634722972659123,0,0.3463233473632087,0.3463233473632087,-1,85.0,5.0,0.023149490356445312,5.5916151112281165,0.005420480455671038,0.005674770900181362,London,London,1,9.0,1
USDTRY=X,2025-12-03 00:00:00+00:00,2025-12-03 06:10:00+00:00,0.48124167680880786,0,1.6348197781885399,1.0,1,5.0,5.0,0.08700180053710938,4.407149758454106,0.023824964250837053,0.03125572204589844,Frankfurt,Frankfurt,-1,6.166666666666667,2
USDTRY=X,2025-12-04 00:00:00+00:00,2025-12-04 06:40:00+00:00,0.3377139442581415,0,2.7502384358607537,1.0,1,35.0,5.0,0.11700057983398438,3.8305916357407934,0.05811364310128348,0.058634894234793525,Frankfurt,Frankfurt,-1,6.666666666666667,3
USDTRY=X,2025-12-08 00:00:00+00:00,2025-12-08 06:05:00+00:00,0.4311098386764789,0,4.359068067610782,1.0,1,0.0,5.0,0.08449935913085938,2.9443531924994066,0.03295871189662388,0.037204197474888394,Frankfurt,Frankfurt,-1,6.083333333333333,0
USDTRY=X,2025-12-09 00:00:00+00:00,2025-12-09 07:15:00+00:00,0.9643913341914444,1,0.12511415525114156,0.12511415525114156,-1,70.0,5.0,0.19849777221679688,4.153259369904562,0.06987980433872767,0.07669176374162946,Frankfurt,Frankfurt,1,7.25,1
USDTRY=X,2025-12-10 00:00:00+00:00,2025-12-10 07:35:00+00:00,0.9598298250734492,1,1.4172304916553902,1.0,-1,85.0,10.0,0.1407012939453125,1.8497757526257719,0.08902576991489955,0.08733531406947545,London,Frankfurt,1,7.583333333333333,2
USDTRY=X,2025-12-15 00:00:00+00:00,2025-12-15 06:05:00+00:00,0.0,0,73097229.00390625,1.0,1,0.0,5.0,0.029499053955078125,1.466547459395023,0.023666109357561384,0.02441705976213728,Frankfurt,Frankfurt,-1,6.083333333333333,0
USDTRY=X,2025-12-16 00:00:00+00:00,2025-12-16 07:20:00+00:00,0.3021767999594799,0,1.7461674008810573,1.0,-1,75.0,5.0,0.11879730224609375,6.880146443844782,0.07480839320591517,0.07439122881208148,Frankfurt,Frankfurt,1,7.333333333333333,1
USDTRY=X,2025-12-18 00:00:00+00:00,2025-12-18 08:40:00+00:00,0.880718241713663,1,0.13481085821341732,0.13481085821341732,-1,65.0,5.0,0.10369873046875,4.1043515772445405,0.07484408787318639,0.0758988516671317,London,London,1,8.666666666666666,3
USDTRY=X,2025-12-19 00:00:00+00:00,2025-12-19 06:45:00+00:00,0.02538468297372887,0,6.072895752895753,1.0,1,40.0,5.0,0.17190170288085938,4.500064196755924,0.04601887294224331,0.04651096888950893,Frankfurt,Frankfurt,-1,6.75,4
USDTRY=X,2025-12-22 00:00:00+00:00,2025-12-22 06:10:00+00:00,0.10033230020345907,0,4.388943537281134,1.0,1,5.0,5.0,0.070892333984375,5.514540059347181,0.019310814993722097,0.01863506862095424,Frankfurt,Frankfurt,-1,6.166666666666667,0
USDTRY=X,2025-12-26 00:00:00+00:00,2025-12-26 06:05:00+00:00,0.8208120272683759,1,1.739023122889062,1.0,-1,0.0,5.0,0.23239898681640625,3.1664241164241163,0.07059478759765625,0.07633754185267858,Frankfurt,Frankfurt,1,6.083333333333333,4
USDTRY=X,2025-12-29 00:00:00+00:00,2025-12-29 06:20:00+00:00,0.8449144074902353,1,1.545079365079365,1.0,1,15.0,5.0,0.08774948120117188,2.994235453818547,0.03461347307477679,0.03862789699009487,Frankfurt,Frankfurt,-1,6.333333333333333,0
USDTRY=X,2025-12-30 00:00:00+00:00,2025-12-30 06:30:00+00:00,0.4390198817841312,0,2.2856286827124737,1.0,1,25.0,5.0,0.114898681640625,4.729687289694468,0.03783471243722098,0.038769585745675225,Frankfurt,Frankfurt,-1,6.5,1
USDZAR=X,2025-12-03 00:00:00+00:00,2025-12-03 06:35:00+00:00,0.8892268253908245,1,0.6866896272285251,0.6866896272285251,1,30.0,5.0,0.030559539794921875,1.8016417406949286,0.017430714198521206,0.017045702253069197,Frankfurt,Frankfurt,-1,6.583333333333333,2
USDZAR=X,2025-12-04 00:00:00+00:00,2025-12-04 08:20:00+00:00,0.7852029539976194,0,0.43049443437742685,0.43049443437742685,1,45.0,5.0,0.05230140686035156,3.0752605480922512,0.0194091796875,0.019494874136788503,London,London,-1,8.333333333333334,3
USDZAR=X,2025-12-05 00:00:00+00:00,2025-12-05 06:30:00+00:00,0.6366070526171745,0,0.49354361754558895,0.49354361754558895,1,25.0,5.0,0.05030059814453125,3.5518186803143847,0.012934548514229911,0.012870243617466517,Frankfurt,Frankfurt,-1,6.5,4
USDZAR=X,2025-12-08 00:00:00+00:00,2025-12-08 06:05:00+00:00,0.7289371583551042,0,3.2329073482428115,1.0,1,0.0,5.0,0.025270462036132812,1.5975298859682365,0.01610428946358817,0.01665428706577846,Frankfurt,Frankfurt,-1,6.083333333333333,0
USDZAR=X,2025-12-09 00:00:00+00:00,2025-12-09 06:15:00+00:00,0.9498078663215603,1,0.19296190954213374,0.19296190954213374,-1,10.0,5.0,0.03775978088378906,3.0261718366143664,0.013392175946916853,0.013620785304478236,Frankfurt,Frankfurt,1,6.25,1
USDZAR=X,2025-12-10 00:00:00+00:00,2025-12-10 06:15:00+00:00,0.890981296019826,1,0.40981810212579445,0.40981810212579445,1,10.0,5.0,0.036510467529296875,2.5423394364861016,0.015007972717285156,0.015493665422712053,Frankfurt,Frankfurt,-1,6.25,2
USDZAR=X,2025-12-12 00:00:00+00:00,2025-12-12 06:05:00+00:00,0.7515490829889047,0,0.3447549573615535,0.3447549573615535,1,0.0,5.0,0.04992866516113281,3.2324125035280833,0.015810557774135044,0.016389165605817522,Frankfurt,Frankfurt,-1,6.083333333333333,4
USDZAR=X,2025-12-15 00:00:00+00:00,2025-12-15 06:05:00+00:00,0.8698229988241982,1,0.39434577745559984,0.39434577745559984,1,0.0,5.0,0.0587005615234375,4.269361870788743,0.014184951782226562,0.014292035784040178,Frankfurt,Frankfurt,-1,6.083333333333333,0
USDZAR=X,2025-12-17 00:00:00+00:00,2025-12-17 07:10:00+00:00,0.7954335828936498,0,0.6194526315789474,0.6194526315789474,-1,65.0,5.0,0.06719970703125,3.8836284614233865,0.021233694893973216,0.021383694240025113,Frankfurt,Frankfurt,1,7.166666666666667,2
USDZAR=X,2025-12-22 00:00:00+00:00,2025-12-22 06:35:00+00:00,0.804135604819651,1,0.27838328792007266,0.27838328792007266,1,30.0,5.0,0.06480026245117188,5.120201520012056,0.014328547886439733,0.01464285169328962,Frankfurt,Frankfurt,-1,6.583333333333333,0
USDZAR=X,2025-12-23 00:00:00+00:00,2025-12-23 06:10:00+00:00,0.9737299960133141,1,0.1601167447227313,0.1601167447227313,-1,5.0,5.0,0.02989959716796875,2.05640823822642,0.01438277108328683,0.014497075762067522,Frankfurt,Frankfurt,1,6.166666666666667,1
USDZAR=X,2025-12-24 00:00:00+00:00,2025-12-24 06:45:00+00:00,0.8715959599574065,1,0.35548846877165197,0.35548846877165197,1,40.0,5.0,0.051540374755859375,2.897846003002727,0.016486849103655134,0.016579627990722656,Frankfurt,Frankfurt,-1,6.75,2
USDZAR=X,2025-12-26 00:00:00+00:00,2025-12-26 07:00:00+00:00,0.7080685077180195,0,0.16307145019679078,0.16307145019679078,-1,35.0,25.0,0.058399200439453125,3.416261536254523,0.017335755484444753,0.018735613141741072,Frankfurt,Frankfurt,1,7.0,4
USDZAR=X,2025-12-29 00:00:00+00:00,2025-12-29 09:30:00+00:00,0.10351147614973148,0,0.30035227446775925,0.30035227446775925,-1,55.0,155.0,0.04038047790527344,3.6180908203124997,0.016744886125837053,0.02175208500453404,London,Frankfurt,1,9.5,0
USDZAR=X,2025-12-30 00:00:00+00:00,2025-12-30 06:55:00+00:00,0.7177073677242533,0,0.13219947957185396,0.13219947957185396,1,50.0,5.0,0.07620048522949219,5.577745422633532,0.01569080352783203,0.01571941375732422,Frankfurt,Frankfurt,-1,6.916666666666667,1
